uri,activatedDate,startDate,endDate,orderNumber,notation,label,preferred_label_hu,preferred_label_et,preferred_label_fi,preferred_label_cs,preferred_label_sk,preferred_label_lt,preferred_label_lv,preferred_label_mt,preferred_label_en,preferred_label_da,preferred_label_nl,preferred_label_sv,preferred_label_hr,preferred_label_sl,preferred_label_pl,preferred_label_de,preferred_label_ro,preferred_label_it,preferred_label_pt,preferred_label_es,preferred_label_fr,preferred_label_ga,preferred_label_el,preferred_label_bg
http://data.europarl.europa.eu/org/group/CD-497,1953-06-22,1953-06-22,1978-03-12,947,CD,Christian-Democratic Group,Kereszténydemokraták Csoportja,Kristlik-demokraatide fraktsioon,Kristillis-demokraattinen puolueryhmä,Skupina křesťanské demokracie,Skupina krestanských demokratov,Krikšcioniu demokratu grupe,Kristigo demokratu grupa,Grupp Demokratici-Kristjani,Christian-Democratic Group,Den kristelig-demokratiske gruppe,Christen-democratische Fractie,Kristdemokratiska gruppen,Kršćansko-demokratski klub zastupnika,Skupina krščanskih demokratov,Grupa Chrzescijanskiej Demokracji,Christlich-demokratische Fraktion,Grupul Creștin-Democrat,Gruppo democratico cristiano,Grupo Democrata-Cristão,Grupo Cristianodemócrata,Groupe démocrate-chrétien,Grúpa na nDaonlathaithe Críostaí,Χριστιαvoδημoκρατική Ομάδα,Група на християндемократите
http://data.europarl.europa.eu/org/group/CD-1050,1978-03-13,1978-03-13,1979-07-15,949,CD,Christian-Democratic Group (Group of the European People's Party),Kereszténydemokrata Csoport (az Európai Néppártok Csoportja),Kristlik-demokraatide fraktsioon (Euroopa rahvapartei fraktsioon),,Skupina křesťanské demokracie (Skupina Evropské lidové strany),Krestansko-demokratická skupina (Skupina Európska ludová strana),Krikšcioniu demokratu grupe (Europos liaudies partijos grupe),Kristigo demokratu grupa (Eiropas Tautas Partijas grupa),Grupp Demokratiku-Kristjan (Grupp tal-Partit Popolari Ewropew),Christian-Democratic Group (Group of the European People's Party),Den kristelig-demokratiske gruppe (det europæiske folkepartis gruppe),Christen-democratische Fractie (Fractie van de Europese Volkspartij),,Kršćansko-demokratski klub zastupnika (Klub zastupnika Europske pučke stranke),Krščansko–demokratska skupina (skupina Evropske ljudske stranke),Grupa Chrzescijansko-Demokratyczna (Grupa Europejskiej Partii Ludowej),Christlich-demokratische Fraktion (Fraktion der Europaïschen Volkspartei),Grupul Creștin-Democrat (Grupul Partidului Popular),Gruppo democratico cristiano (Gruppo del partito popolare europeo),,,Groupe démocrate-chrétien (Groupe du parti populaire européen),Grúpa na nDaonlathaithe Críostaí (Grúpa Pháirtí an Phobail Eorpaigh),,Група на християндемократите (Група на Европейската народна партия)
http://data.europarl.europa.eu/org/group/COM-487,1979-07-16,1979-07-16,1989-07-23,952,COM,Communist and Allies Group,Kommunisták és Szövetségeseik Csoportja,Kommunistide ja liitlaste fraktsioon,Kommunisti- ja vasemmistopuolueiden ryhmä,Skupina komunistů a spojenců,Skupina komunistov a spojencov,Komunistu ir sajungininku grupe,Komunistu un sabiedroto grupa,Gruppi Komunisti u Alleati,Communist and Allies Group,Gruppen af Kommunister og Beslægtede,Communistische Fractie en geestverwanten,Gruppen kommunister och deras samarbetspartner,Klub zastupnika komunista i saveznika,Skupina Komunisti in zavezniki,Grupa Komunistów i Sojuszników,Fraktion der Kommunisten und Nahestehenden,Grupul comuniștilor și al afiliaților,Gruppo comunista e apparentanti,Grupo Comunista e Afins,Grupo de Comunistas y afines,Groupe communiste et apparentés,An Grúpa Cumannach agus Comhghuaillithe,Κομμουνιστική ομάδα και Προσκείμενοι,Група на комунистите и съмишлениците
http://data.europarl.europa.eu/org/group/COM-503,1973-10-15,1973-10-15,1979-07-15,982,COM,"Communist and Allies Group (SF, Ind. Sin.)","Kommunisták és Szövetségeseik Csoportja SF, Ind. Sin.)","Kommunistide ja liitlaste fraktsioon (SF, Ind. Sin.)",Kommunisti- ja vasemmistopuolueiden ryhmä,"Skupina komunisté a přidružení (SF, nez. Sin.)","Skupina komunistov a spojencov (SF, Ind. Sin.)","Komunistu ir sajungininku grupe (SF, nepr. Sin.)","Komunistu un sabiedroto grupa (SF, Ind. Sin.)","Komunisti u Allejati (SF, Ind. Sin)","Communist and Allies Group (SF, Ind. Sin.)","Gruppen af kommunister og beslægtede (SF, Ind. Sin.)","Communistische Fractie en geestverwanten (SF, Ind. Sin.)","Gruppen kommunister och deras samarbetspartner (SF, Ind. Sin.)","Klub zastupnika komunista i saveznika (SF, Ind. Sin.)","Skupina komunistov in zaveznikov (SF, neodv. levica)","Grupa Komunistów i Sojuszników (SF, Ind. Sin.)","Fraktion der Kommunisten und Nahestehenden (SF, Ind. Sin.)","Grupul comuniștilor și al afiliaților (SF, Ind.Sin)","Gruppo comunista e apparentati (SF, Ind. Sin.)","Grupo Comunista e Afins (SF, Ind. Sin.)",Grupo de Comunistas y afines,"Groupe communiste et apparentés (SF, Ind. Sin.)","An Grúpa Cumannach agus Comhghuaillithe (SF, Ind. Sin.)","Ομάδα Κoμμoυvιστώv και Πρoσκειμέvωv (SF, Ind. Sin.)","Група на комунистите и съмишлениците (SF, Ind. Sin.)"
http://data.europarl.europa.eu/org/group/GUE-510,1994-07-18,1994-07-18,1995-01-04,969,GUE,Confederal Group of the European United Left,Az Európai Baloldali Unió Konföderális Csoportja,Euroopa ühendatud vasakpoolsete liitfraktsioon,Euroopan yhtyneen vasemmiston konfederaatioryhmä,Konfederace Evropské sjednocené levice,Konfederatívna skupina Európska zjednotená lavica,Europos jungtiniu kairiuju konfederacine grupe,Eiropas Kreiso apvienibas konfederala grupa,Grupp Konfederali tax-Xellug Ewropew Maghqud,Confederal Group of the European United Left,Den Europæiske Venstrefløjs Fællesgruppe,Confederale Fractie Europees Unitair Links,Gruppen Europeiska enade vänstern,Konfederalni klub zastupnika Ujedinjene europske ljevice,Konfederativna skupina Združene evropske levice,Konfederacja Zjednoczonej Lewicy Europejskiej,Konföderale Fraktion der Europäischen Unitaristischen Linken,Grupul Confederal al Stângii Unite Europene,Gruppo confederale della Sinistra unitaria europea,Grupo Confederal da Esquerda Unitária Europeia,Grupo Confederal de la Izquierda Unitaria Europea,Groupe confédéral de la Gauche unitaire européenne,An Grúpa Cónasctha den Chlé Aontaithe Eorpach,Συνομοσπονδιακή Ομάδα της Ευρωπαϊκής Ενωτικής Αριστεράς,Конфедеративна група на Европейската обединена левица
http://data.europarl.europa.eu/org/group/GUE/NGL-1537,2004-07-19,2004-07-19,2009-07-12,95999,GUE/NGL,Confederal Group of the European United Left - Nordic Green Left,az Egységes Európai Baloldal/az Északi Zöld Baloldal Képviselőcsoportja,Euroopa Ühendatud Vasakpoolsete / Põhjamaade Roheliste Vasakpoolsete liitfraktsioon,Euroopan yhtyneen vasemmiston konfederaatioryhmä/Pohjoismaiden vihreä vasemmisto,Skupina konfederace Evropské sjednocené levice a Severské zelené levice,Konfederatívna skupina Európskej zjednotenej ľavice - Nordická zelená ľavica,Europos vieningųjų kairiųjų jungtinė frakcija/Šiaurės šalių žalieji kairieji,Eiropas Apvienotā kreiso un Ziemeļvalstu Zaļo kreiso spēku konfederālā grupa,Grupp Konfederali tax-Xellug Magħqud Ewropew - Xellug Aħdar Nordiku,Confederal Group of the European United Left - Nordic Green Left,Den Europæiske Venstrefløjs Fællesgruppe/Nordisk Grønne Venstre,Confederale Fractie Europees Unitair Links/Noords Groen Links,Gruppen Europeiska enade vänstern/Nordisk grön vänster,Konfederalni klub zastupnika Ujedinjene europske ljevice i Nordijske zelene ljevice,Konfederalna skupina Evropske združene levice - Zelene nordijske levice,Konfederacyjna Grupa Zjednoczonej Lewicy Europejskiej / Nordycka Zielona Lewica,Konföderale Fraktion der Vereinigten Europäischen Linken/Nordische Grüne Linke,Grupul Confederal al Stângii Unite Europene/Stânga Verde Nordică,Gruppo confederale della Sinistra unitaria europea/Sinistra verde nordica,Grupo Confederal da Esquerda Unitária Europeia/Esquerda Nórdica Verde,Grupo Confederal de la Izquierda Unitaria Europea/Izquierda Verde Nórdica,Groupe confédéral de la Gauche unitaire européenne/Gauche verte nordique,Grúpa Cónasctha den Chlé Aontaithe Eorpach - den Chlé Ghlas Nordach,Συνομοσπονδιακή Ομάδα της Ευρωπαϊκής Ενωτικής Αριστεράς/Αριστερά των Πρασίνων των Βορείων Χωρών,Конфедеративна група на Европейската обединена левица - Северна зелена левица
http://data.europarl.europa.eu/org/group/GUE/NGL-2954,2009-07-13,2009-07-13,2014-06-29,96499,GUE/NGL,Confederal Group of the European United Left - Nordic Green Left,az Egységes Európai Baloldal/Északi Zöld Baloldal képviselőcsoport,Euroopa Ühendatud Vasakpoolsete / Põhjamaade Roheliste Vasakpoolsete liitfraktsioon,Euroopan yhtyneen vasemmiston konfederaatioryhmä/Pohjoismaiden vihreä vasemmisto,Skupina konfederace Evropské sjednocené levice a Severské zelené levice,Konfederatívna skupina Európskej zjednotenej ľavice - Severskej zelenej ľavice,Europos vieningųjų kairiųjų jungtinė frakcija/Šiaurės šalių žalieji kairieji,Eiropas Apvienotā kreiso un Ziemeļvalstu Zaļo kreiso spēku konfederālā grupa,Grupp Konfederali tax-Xellug Magħqud Ewropew - Xellug Aħdar Nordiku,Confederal Group of the European United Left - Nordic Green Left,Den Europæiske Venstrefløjs Fællesgruppe/Nordisk Grønne Venstre,Confederale Fractie Europees Unitair Links/Noords Groen Links,Gruppen Europeiska enade vänstern/Nordisk grön vänster,Konfederalni klub zastupnika Ujedinjene europske ljevice i Nordijske zelene ljevice,Konfederalna skupina Evropske združene levice - Zelene nordijske levice,Konfederacyjna Grupa Zjednoczonej Lewicy Europejskiej / Nordycka Zielona Lewica,Konföderale Fraktion der Vereinigten Europäischen Linken/Nordische Grüne Linke,Grupul Confederal al Stângii Unite Europene/Stânga Verde Nordică,Gruppo confederale della Sinistra unitaria europea/Sinistra verde nordica,Grupo Confederal da Esquerda Unitária Europeia/Esquerda Nórdica Verde,Grupo Confederal de la Izquierda Unitaria Europea/Izquierda Verde Nórdica,Groupe confédéral de la Gauche unitaire européenne/Gauche verte nordique,Grúpa Cónasctha den Chlé Aontaithe Eorpach - den Chlé Ghlas Nordach,Συνομοσπονδιακή Ομάδα της Ευρωπαϊκής Ενωτικής Αριστεράς/Αριστερά των Πρασίνων των Βορείων Χωρών,Конфедеративна група на Европейската обединена левица - Северна зелена левица
http://data.europarl.europa.eu/org/group/GUE/NGL-4281,2014-06-30,2014-06-30,2019-06-30,94799,GUE/NGL,Confederal Group of the European United Left - Nordic Green Left,Egységes Európai Baloldal/Északi Zöld Baloldal képviselőcsoport,Euroopa Ühendatud Vasakpoolsete / Põhjamaade Roheliste Vasakpoolsete liitfraktsioon,Euroopan yhtyneen vasemmiston konfederaatioryhmä/Pohjoismaiden vihreä vasemmisto,Skupina konfederace Evropské sjednocené levice a Severské zelené levice,Konfederatívna skupina Európskej zjednotenej ľavice - Severskej zelenej ľavice,Europos vieningųjų kairiųjų jungtinė frakcija/Šiaurės šalių žalieji kairieji,Eiropas Apvienotā kreiso un Ziemeļvalstu Zaļo kreiso spēku konfederālā grupa,Grupp Konfederali tax-Xellug Magħqud Ewropew - Xellug Aħdar Nordiku,Confederal Group of the European United Left - Nordic Green Left,Den Europæiske Venstrefløjs Fællesgruppe/Nordisk Grønne Venstre,Confederale Fractie Europees Unitair Links/Noords Groen Links,Gruppen Europeiska enade vänstern/Nordisk grön vänster,Konfederalni klub zastupnika Ujedinjene europske ljevice i Nordijske zelene ljevice,Konfederalna skupina Evropske združene levice - Zelene nordijske levice,Konfederacyjna Grupa Zjednoczonej Lewicy Europejskiej / Nordycka Zielona Lewica,Konföderale Fraktion der Vereinigten Europäischen Linken/Nordische Grüne Linke,Grupul Confederal al Stângii Unite Europene/Stânga Verde Nordică,Gruppo confederale della Sinistra unitaria europea/Sinistra verde nordica,Grupo Confederal da Esquerda Unitária Europeia/Esquerda Nórdica Verde,Grupo Confederal de la Izquierda Unitaria Europea/Izquierda Verde Nórdica,Groupe confédéral de la Gauche unitaire européenne/Gauche verte nordique,Grúpa Cónasctha den Chlé Aontaithe Eorpach - den Chlé Ghlas Nordach,Συνομοσπονδιακή Ομάδα της Ευρωπαϊκής Ενωτικής Αριστεράς/Αριστερά των Πρασίνων των Βορείων Χωρών,Конфедеративна група на Европейската обединена левица - Северна зелена левица
http://data.europarl.europa.eu/org/group/GUE/NGL-516,1995-01-05,1995-01-05,2004-07-18,945,GUE/NGL,Confederal Group of the European United Left/Nordic Green Left,az Egységes Európai Baloldal/Északi Zöld Baloldal képviselőcsoportja,Euroopa Ühendatud Vasakpoolsete/ Põhjamaade Roheliste Vasakpoolsete liitfraktsioon,Euroopan yhtyneen vasemmiston konfederaatioryhmä/Pohjoismaiden vihreä vasemmisto,Skupina konfederace Evropské sjednocené levice a Severské zelené levice,Konfederálna skupina Zjednotenej Európskej ľavice - Severská zelená ľavica,Europos vieningųjų kairiųjų jungtinė frakcija/Šiaurės šalių žalieji kairieji,Eiropas Apvienotā kreiso un Ziemeļvalstu Zaļo kreiso spēku konfederālā grupa,Grupp Konfederali tax-Xellug Magħqud Ewropew – Xellug Nordiku tal-Ħodor,Confederal Group of the European United Left/Nordic Green Left,Den Europæiske Venstrefløjs Fællesgruppe/Nordisk Grønne Venstre,Confederale Fractie Europees Unitair Links/Noords Groen Links,Gruppen Europeiska enade vänstern/Nordisk grön vänster,Konfederalni klub zastupnika Ujedinjene europske ljevice i Nordijske zelene ljevice,Konfederalna skupina Evropske združene levice - Zelene nordijske levice,Konfederacyjna Grupa Zjednoczonej Lewicy Europejskiej / Nordycka Zielona Lewica,Konföderale Fraktion der Vereinigten Europäischen Linken/Nordische Grüne Linke,Grupul Confederal al Stângii Unite Europene/Stânga Verde Nordică,Gruppo confederale della Sinistra unitaria europea/Sinistra verde nordica,Grupo Confederal da Esquerda Unitária Europeia/Esquerda Nórdica Verde,Grupo Confederal de la Izquierda Unitaria Europea/Izquierda Verde Nórdica,Groupe confédéral de la Gauche unitaire européenne/Gauche verte nordique,Grúpa Cónasctha den Chlé Aontaithe Eorpach - den Chlé Ghlas Nordach,Συνομοσπονδιακή Ομάδα της Ευρωπαϊκής Ενωτικής Αριστεράς/Αριστερά των Πρασίνων των Βορείων Χωρών,Конфедеративна група на Европейската обединена левица/Северна зелена левица
http://data.europarl.europa.eu/org/group/EFDD-4280,2014-06-30,2014-10-14,2099-12-30,95199,EFDD,Europe of Freedom and Direct Democracy Group,a Szabadság és Demokrácia Európája képviselőcsoport,Vaba ja Otsedemokraatliku Euroopa fraktsiooni,Vapauden ja suoran demokratian Eurooppa,Skupina „Evropa Svobody a Přímé Demokracie“,Skupina Európa slobody a priamej demokracie,Frakcija „Laisvės ir tiesioginės demokratijos Europa“,Grupa „Brīvības un tiešās demokrātijas Eiropa”,Grupp għal Ewropa tal-Libertà u d-Demokrazija Diretta,Europe of Freedom and Direct Democracy Group,Gruppen for Europæisk Frihed og Direkte Demokrati,Fractie Europa van Vrijheid en Directe Democratie,Gruppen Frihet och direktdemokrati i Europa,Klub zastupnika Europe slobode i demokracije,Skupina Evropa svobode in neposredne demokracije,Grupa Europa Wolności i Demokracji Bezpośredniej,Fraktion Europa der Freiheit und der direkten Demokratie,Grupul Europa Libertății și Democrației Directe,Gruppo Europa della Libertà e della Democrazia diretta,Grupo Europa da Liberdade e da Democracia Direta,Grupo Europa de la Libertad y de la Democracia Directa,Groupe Europe de la liberté et de la démocratie directe,An Grúpa d’Eoraip na Saoirse agus an Daonlathais Dhírigh,Ομάδα Ευρώπη Ελευθερίας και Άμεσης Δημοκρατίας,Група „Европа на свободата и пряката демокрация“
http://data.europarl.europa.eu/org/group/EFDD-4880,2014-10-19,2014-10-19,2019-06-30,95799,EFDD,Europe of Freedom and Direct Democracy Group,Szabadság és Közvetlen Demokrácia Európája képviselőcsoport,Vaba ja Otsedemokraatliku Euroopa fraktsioon,Vapauden ja suoran demokratian Eurooppa,Skupina „Evropa Svobody a Přímé Demokracie“,Skupina Európa slobody a priamej demokracie,Laisvės ir tiesioginės demokratijos Europos frakcija,Grupa „Brīvības un tiešās demokrātijas Eiropa”,Grupp għal Ewropa tal-Libertà u d-Demokrazija Diretta,Europe of Freedom and Direct Democracy Group,Gruppen for Europæisk Frihed og Direkte Demokrati,Fractie Europa van Vrijheid en Directe Democratie,Gruppen Frihet och direktdemokrati i Europa,Klub zastupnika Europe slobode i demokracije,Skupina Evropa svobode in neposredne demokracije,Grupa Europa Wolności i Demokracji Bezpośredniej,Fraktion Europa der Freiheit und der direkten Demokratie,Grupul Europa Libertății și Democrației Directe,Gruppo Europa della Libertà e della Democrazia diretta,Grupo Europa da Liberdade e da Democracia Direta,Grupo Europa de la Libertad y de la Democracia Directa,Groupe Europe de la liberté et de la démocratie directe,An Grúpa d’Eoraip na Saoirse agus an Daonlathais Dhírigh,Ομάδα Ευρώπη Ελευθερίας και Άμεσης Δημοκρατίας,Група „Европа на свободата и пряката демокрация“
http://data.europarl.europa.eu/org/group/EDN-513,1994-07-18,1994-07-18,1996-11-09,983,EDN,Europe of Nations Group (Coordination Group),Nemzetek Európája Csoport (Koordinációs Csoport),“Rahvusriikide Euroopa” fraktsioon (koordinatsioon),Kansakuntien Eurooppa -ryhmä (koordinointiryhmä),Skupina Evropa národů (koordinační skupina),Skupina Európa národov (Koordinacná skupina),Tautu Europos grupe (koordinacine grupe),Naciju grupas Eiropa (Koordinacijas grupa),Grupp ta’ l-Ewropa tan-Nazzjonijiet (Grupp ta’ Koordinament),Europe of Nations Group (Coordination Group),Gruppen Nationernes Europa (Koordineringsgruppe),Fractie Europa van Nationale Staten (Coördinatiegroep),Gruppen Nationernas Europa (samordningsgrupp),Klub zastupnika Europe naroda (Koordinacijska skupina),Skupina Evrope narodov (koordinacijska skupina),Grupa Europa Narodów (Grupa Koordynacyjna),Fraktion Europa der Nationen (Koordinierungsgruppe),Europa Națiunilor (Grupul de coordonare),Gruppo Europa delle nazioni (Gruppo di coordinamento),Grupo Europa das Nações (Grupo de coordenação),Grupo Europa de las Naciones (Grupo de Coordinación),Groupe Europe des Nations (Groupe de Coordination),Grúpa Eoraip na Náisiún (Grúpa Comhordaithe),Ομάδα Ευρώπη των Εθνών (Ομάδα συντονισμού),Група Европа на нациите (група за координация)
http://data.europarl.europa.eu/org/group/ENF-4908,2015-06-14,2015-06-14,2019-06-30,96399,ENF,Europe of Nations and Freedom Group,Nemzetek és Szabadság Európája képviselőcsoport,Rahvaste ja Vabaduste Euroopa fraktsioon,Kansakuntien ja vapauden Eurooppa,Skupina Evropa národů a svobody,Skupina Európa národov a slobody,Tautų ir laisvės Europos frakcija,Grupa „Nāciju un brīvības Eiropa”,Grupp għal Ewropa tan-Nazzjonijiet u tal-Libertà,Europe of Nations and Freedom Group,Gruppen Et Nationernes og Frihedens Europa,Fractie Europa van Naties en Vrijheid,Gruppen Nationernas och friheternas Europa,Klub zastupnika Europe nacija i sloboda,Skupina Evrope narodov in svobode,Grupa Europa Narodów i Wolności,Fraktion Europa der Nationen und der Freiheit,Grupul Europa Națiunilor și a Libertății,Gruppo Europa delle Nazioni e della Libertà,Grupo Europa das Nações e da Liberdade,Grupo Europa de las Naciones y de las Libertades,Groupe Europe des Nations et des Libertés,Grúpa Eoraip na Náisiún agus na Saoirse,Ομάδα «Η Ευρώπη των Εθνών και της Ελευθερίας»,Група „Европа на нациите и свободите“
http://data.europarl.europa.eu/org/group/EFD-2967,2009-07-13,2009-07-13,2014-06-29,96899,EFD,Europe of freedom and democracy Group,a Szabadság és Demokrácia Európája képviselőcsoport,Vaba ja Demokraatliku Euroopa fraktsioon,Vapaa ja demokraattinen Eurooppa,Evropa Svobody a Demokracie,Skupina Európa slobody a demokracie,Frakcija „Laisvės ir demokratijos Europa“,Grupa „Brīvības un demokrātijas Eiropa”,Grupp għall Ewropa ħielsa u demokratika,Europe of freedom and democracy Group,Gruppen for Europæisk Frihed og Demokrati,Europa van vrijheid en democratie,Gruppen Frihet och demokrati i Europa,Klub zastupnika Europe slobode i demokracije,Skupina Evropa svobode in demokracije,Europa Wolności i Demokracji,Fraktion „Europa der Freiheit und der Demokratie“,Grupul Europa Libertății și Democrației,Gruppo Europa della Libertà e della Democrazia,Europa da Liberdade e da Democracia,Europa de la Libertad y de la Democracia,Groupe Europe libertés démocratie,An Grúpa d’Eoraip na Saoirse agus an Daonlathais,Ευρώπη ελευθερίας και δημοκρατίας,Група „Европа на свободата и демокрацията”
http://data.europarl.europa.eu/org/group/C-502,1973-01-15,1973-01-15,1979-07-15,982,C,European Conservative Group,Európai Konzervatívok Csoportja,Euroopa konservatiivide fraktsioon,Euroopan konservatiivipuolueen ryhmä,Skupina Evropských konzervativců,Európska konzervatívna skupina,Europos konservatoriu grupe,Eiropas Konservativo grupa,Grupp Demokratiku Ewropew,European Conservative Group,Den europæiske konservative gruppe,Europese conservatieve Fractie,Gruppen Europeiska konservativa,Klub zastupnika europskih konzervativaca,Skupina evropskih konzervativcev,Grupa Konserwatystów Europejskich,Europäische Konservative Fraktion,Grupul Conservator European,Gruppo conservatore europeo,Grupo dos Conservadores Europeus,Grupo Conservador Europeo,Groupe conservateur européen,An Grúpa do Choimeádaigh na hEorpa,Ευρωπαϊκή Συvτηρητική Ομάδα,Група на европейските консерватори
http://data.europarl.europa.eu/org/group/ECR-2977,2009-07-13,2009-07-13,2014-06-29,94299,ECR,European Conservatives and Reformists Group,Európai Konzervatívok és Reformerek Képviselőcsoport,Euroopa Konservatiivide ja Reformistide fraktsioon,Euroopan konservatiivit ja reformistit,Skupina Evropských konzervativců a reformistů,Európski konzervatívci a reformisti,Europos konservatorių ir reformuotojų frakcija,Eiropas Konservatīvo un reformistu grupa,Grupp tal-Konservattivi u Riformisti Ewropej,European Conservatives and Reformists Group,De Europæiske Konservative og Reformister,Fractie Europese Conservatieven en Hervormers,Gruppen Europeiska konservativa och reformister,Europski konzervativci i reformisti,Skupina Evropskih konservativcev in reformistov,Europejscy Konserwatyści i Reformatorzy,Fraktion Europäische Konservative und Reformisten,Grupul Conservatorilor și Reformiștilor Europeni,Gruppo dei Conservatori e Riformisti europei,Grupo dos Conservadores e Reformistas Europeus,Grupo de los Conservadores y Reformistas Europeos,Groupe des Conservateurs et Réformistes européens,Coimeádaithe agus Leasaitheoirí na hEorpa,Ομάδα των Ευρωπαίων Συντηρητικών και Μεταρρυθμιστών,Европейски консерватори и реформисти
http://data.europarl.europa.eu/org/group/ECR-4275,2014-06-30,2014-06-30,2019-06-30,92299,ECR,European Conservatives and Reformists Group,Európai Konzervatívok és Reformerek képviselőcsoport,Euroopa Konservatiivide ja Reformistide fraktsioon,Euroopan konservatiivit ja reformistit,Skupina Evropských konzervativců a reformistů,Európski konzervatívci a reformisti,Europos konservatorių ir reformuotojų frakcija,Eiropas Konservatīvo un reformistu grupa,Grupp tal-Konservattivi u r-Riformisti Ewropej,European Conservatives and Reformists Group,De Europæiske Konservative og Reformister,Fractie Europese Conservatieven en Hervormers,Gruppen Europeiska konservativa och reformister,Europski konzervativci i reformisti,Skupina Evropskih konservativcev in reformistov,Europejscy Konserwatyści i Reformatorzy,Fraktion der Europäischen Konservativen und Reformer,Grupul Conservatorilor și Reformiștilor Europeni,Gruppo dei Conservatori e Riformisti europei,Grupo dos Conservadores e Reformistas Europeus,Grupo de los Conservadores y Reformistas Europeos,Groupe des Conservateurs et Réformistes européens,An Grúpa do Choimeádaigh agus Leasaitheoirí na hEorpa,Ομάδα των Ευρωπαίων Συντηρητικών και Μεταρρυθμιστών,Европейски консерватори и реформисти
http://data.europarl.europa.eu/org/group/ECR-5148,2019-07-01,2019-07-01,2099-12-30,93799,ECR,European Conservatives and Reformists Group,Európai Konzervatívok és Reformerek képviselőcsoport,Euroopa Konservatiivide ja Reformistide fraktsioon,Euroopan konservatiivit ja reformistit,skupina Evropských konzervativců a reformistů,Európski konzervatívci a reformisti,Europos konservatorių ir reformuotojų frakcija,Eiropas Konservatīvo un reformistu grupa,Grupp tal-Konservattivi u r-Riformisti Ewropej,European Conservatives and Reformists Group,De Europæiske Konservative og Reformister,Fractie Europese Conservatieven en Hervormers,Gruppen Europeiska konservativa och reformister,Europski konzervativci i reformisti,Skupina Evropskih konservativcev in reformistov,Europejscy Konserwatyści i Reformatorzy,Fraktion der Europäischen Konservativen und Reformer,Grupul Conservatorilor și Reformiștilor Europeni,Gruppo dei Conservatori e Riformisti europei,Grupo dos Conservadores e Reformistas Europeus,Grupo de los Conservadores y Reformistas Europeos,Groupe des Conservateurs et Réformistes européens,An Grúpa do Choimeádaigh agus Leasaitheoirí na hEorpa,Ομάδα των Ευρωπαίων Συντηρητικών και Μεταρρυθμιστών,Европейски консерватори и реформисти
http://data.europarl.europa.eu/org/group/ED-486,1979-07-16,1979-07-16,1992-04-29,997,ED,European Democratic Group,Európai Demokraták Csoportja,Euroopa demokraatide fraktsioon,Euroopan demokraattipuolueen ryhmä,Skupina evropské demokracie,Európska demokratická skupina,Europos demokratu grupe,Eiropas demokratu grupa,Grupp Demokratiku Ewropew,European Democratic Group,Den Europæiske Demokratiske Gruppe,Europese Democratische Fractie,Gruppen Europeiska demokrater,Klub zastupnika europskih demokrata,Skupina Evropski demokrati,Grupa Demokracji Europejskiej,Fraktion der Europäischen Demokraten,Grupul Democraților Europeni,Gruppo democratico europeo,Grupo dos Democratas Europeus,Grupo Demócrata Europeo,Groupe des démocrates européens,Grúpa Dhaonlathaigh na hEorpa,Ομάδα των Ευρωπαίων Δημοκρατών,Група на Европейските демократи
http://data.europarl.europa.eu/org/group/DE-499,1965-01-19,1965-01-19,1973-06-30,989,DE,European Democratic Union Group,Európai Demokratikus Unió Csoportja,Euroopa demokraatide liidu fraktsioon,Euroopan demokraattipuolueen ryhmä,Skupina Evropské demokratické unie,Skupina Európska demokratická únia,Europos demokratines sajungos grupe,Eiropas Demokratiskas apvienibas grupa,Grupp Unjoni Demokratika Ewropea,European Democratic Union Group,Den europæiske demokratiske Union Gruppe,Fractie der Europese Democratische Unie,Gruppen Europeiska demokratiska unionen,Klub zastupnika Europske demokratske unije,Skupina Evropska demokratična unija,Grupa Europejskiej Unii Demokratycznej,Fraktion der Europäischen Demokratischen Union,Grupul Uniunii Democratice Europene,Gruppo dell'Unione Democratica Europea,Grupo da União Democrática Europeia,Grupo Demócrata Europeo,Groupe de l'Union démocratique européenne,Grúpa Aontas Daonlathach na hEorpa,Ομάδα της Ευρωπαϊκής Δημoκρατικής Έvωσης,Група на Европейския демократичен съюз
http://data.europarl.europa.eu/org/group/FE-511,1994-07-18,1994-07-18,1995-07-03,1000,FE,Forza Europa Group,A Forza Europa Csoport,Forza Europa fraktsioon,Forza Europa -ryhmä,Skupina Forza Europa,Skupina Forza Europa,Forza Europa grupe,Forza Europa grupa,Grupp Forza Ewropa,Forza Europa Group,Gruppen Forza Europa,Fractie Forza Europa,Gruppen Forza Europa,Klub zastupnika Forza Europa,Skupina Forza Europa,Grupa Forza Europa,Fraktion Forza Europa,Grupul Forza Europa,Gruppo Forza Europa,Grupo Forza Europa,Grupo Forza Europa,Groupe Forza Europa,Grúpa Forza Europa,Ομάδα Forza Europa,Група Форца Европа
http://data.europarl.europa.eu/org/group/UPE-517,1995-07-04,1995-07-04,1999-07-18,966,UPE,Group Union for Europe,Egyesülés Európáért Csoport,Liidu “Euroopa eest” fraktsioon,Unioni Euroopan puolesta,Skupina Unie pro Evropu,Skupina Únia pre Európu,Sajungos už Europa grupe,Apvienibas Eiropai grupa,Grupp Unjoni ghall-Ewropa,Group Union for Europe,Gruppen Union for Europa,Fractie Unie voor Europa,Gruppen Union för Europa,Klub zastupnika Unija za Europu,Skupina Unija za Evropo,Grupa Unia dla Europy,Fraktion Union für Europa,Grupul Uniunea pentru Europa,Gruppo Unione per l'Europa,Grupo União para a Europa,Grupo Unión por Europa,Groupe Union pour l'Europe,An Grúpa Comhaontais don Eoraip,Ομάδα ΄Ενωση για την Ευρώπη,Група на Съюза за Европа
http://data.europarl.europa.eu/org/group/EDD-988,1999-07-19,1999-07-19,2004-07-18,983,EDD,Group for a Europe of Democracies and Diversities,a Demokráciák és a Sokszínűség Európájanák képviselőcsoportja,fraktsioon Demokraatia ja Erinevuste Euroopa eest,Demokratian ja monimuotoisuuden Eurooppa -ryhmä,Skupina pro Evropu demokracie a rozdílností,Skupina za Európu demokracií a rozmanitostí,Frakcija už demokratines valstybes ir įvairovę Europoje,Eiropas Demokrātu un dažādo spēku grupa,Grupp ta' l-Ewropa tad-Demokraziji u d-Diversitajiet,Group for a Europe of Democracies and Diversities,Gruppen for Demokratiernes og Mangfoldighedens Europa,Fractie Europa van Democratieën in Diversiteit,Gruppen för demokratiernas och mångfaldens Europa,Klub zastupnika Europe demokracija i raznolikosti,Skupina za Evropo demokracij in različnosti,Grupa na rzecz Europy Demokracji i Różnorodności,Fraktion für das Europa der Demokratien und der Unterschiede,Grupul pentru Europa democrațiilor și a diferențelor,Gruppo per l'Europa delle democrazie e delle diversità,Grupo para a Europa das Democracias e das Diferenças,Grupo por la Europa de las Democracias y las Diferencias,Groupe pour l'Europe des démocraties et des différences,Grúpa Eoraip na nDaonlathas agus na nÉagsúlachtaí,Ομάδα για την Ευρώπη της Δημoκρατίας και της Διαφoράς,Група за Европа на демокрациите и многообразието
http://data.europarl.europa.eu/org/group/GUE-494,1989-07-19,1989-07-19,1993-01-10,973,GUE,Group for the European United Left,Az Európai Baloldali Unió Csoportja,Euroopa ühendatud vasakpoolsete fraktsioon,Euroopan yhtyneen vasemmiston ryhmä,Skupina pro Sjednocenou evropskou levici,Skupina pre Európsku zjednotenú lavicu,Europos jungtiniu kairiuju grupe,Eiropas Kreiso apvienibas grupa,Grupp ghax-Xellug Ewropew Maghqud,Group for the European United Left,Gruppen for Den Samlede Europæiske Venstrefløj,Fractie voor een Unitair Europees Links,Gruppen Europeiska enade vänstern,Klub zastupnika Europske ujedinjene ljevice,Skupina za združeno evropsko levico,Grupa Zjednoczonej Lewicy Europejskiej,Fraktion der Vereinigten Europäischen Linken,Grupul pentru Stânga Unită Europeană,Gruppo per la Sinistra Unitaria Europea,Grupo para a Esquerda Unitária Europeia,Grupo por la Izquierda Unitaria Europea,Groupe pour la Gauche Unitaire Européenne,Grúpa an Chlé Aontaithe Eorpaigh ,Ομάδα για την Ευρωπαϊκή Ενωτική Αριστερά,Група за Европейската обединена левица
http://data.europarl.europa.eu/org/group/CDI-508,1979-07-16,1979-07-16,1984-07-22,988,CDI,Group for the Technical Coordination and Defence of Independent Groups and Members,Független Csoportok és Tagok Technikai Koordinációját és Védelmét Szolgáló Csoport,Tehnilise koordinatsiooni grupp ning sõltumatute fraktsioonide ja liikmete kaitse,Itsenäisten ryhmien ja jäsenten tekninen koordinaatioryhmä,Skupiny a členové technické koordinace a obhajoby nezávislých,Skupina pre technickú koordináciu a obranu nezávislých skupín a clenov,Techninio koordinavimo ir nepriklausomu grupiu ir nariu gynimo grupe,Neatkarigo grupu un deputatu tehniskas sadarbibas un aizsardzibas grupa,Grupp ghall-Koordinazzjoni Teknika u Difiza ta’ Gruppi u Membri Indipendenti,Group for the Technical Coordination and Defence of Independent Groups and Members,Gruppen for teknisk koordinering og forsvar for uafhængige grupper og medlemmer,Fractie voor de technische coördinatie en de verdediging van de onafhankelijke groepering en leden,Gruppen för teknisk samordning och försvar av oberoende grupper och ledamöter,Klub zastupnika za tehničku koordinaciju i obranu nezavisnih skupina i zastupnika,Skupina za tehnično koordinacijo in obrambo neodvisnih skupin in poslancev,Grupa Koordynacji Technicznej i Obrony Niezaleznych Grup i Deputowanych,Fraktion für die technische Koordinierung und Verteidigung der unabhängigen Gruppen und Abgeordneten,Grupul de coordonare tehnică și apărare a grupurilor politice și parlamentarilor neafiliați,Gruppo di coordinamento tecnico e di difesa dei gruppi e dei deputati indipendenti,Grupo para a Coordenação Técnica e a Defesa de Grupos e Deputados,Grupo para la Coordinación Técnica y la Defensa de los Grupos y Diputados,Groupe de coordination technique et de défense des groupes et des parlementaires indépendents,An Grúpa um Chomhordú Teicniúil agus Cosaint Grúpaí agus Comhaltaí Neamhspleácha,Ομάδα Τεχνικού Συντονισμού και Προασπίσεως Ανεξαρτήτων Ομάδων και Βουλευτών,Група за техническа координация и охрана на групите и независимите членове на Парламента
http://data.europarl.europa.eu/org/group/DEP-500,1973-07-01,1973-07-01,1979-07-15,985,DEP,Group of European Progressive Democrats,Európai Progresszív Demokraták Csoportja,Euroopa progressiivsete demokraatide fraktsioon,Euroopan edistyksellisten demokraattien ryhmä,Skupina Evropských progresivních demokratů,Skupina Európskych pokrokových demokratov,Europos pažangiuju demokratu grupe,Eiropas Progresivo demokratu grupa,Grupp ta’ Demokratici Progressivi Ewropej,Group of European Progressive Democrats,De europæiske fremskridtsdemokraters gruppe,Fractie van Europese democraten voor de vooruitgang,Gruppen Europeiska progressiva demokrater,Klub zastupnika europskih progresivnih demokrata,Skupina Evropskih naprednih demokratov,Grupa Europejskich Postepowych Demokratów,Fraktion der Europäischen Demokraten für den Fortschritt,Grupul Democraților Europeni Progresiști,Gruppo dei democratici europei di progresso,Grupo dos Democratas Europeus para o Progresso,Grupo de los Demócratas Europeos de Progreso,Groupe des démocrates européens de progrès,Grúpa Pháirtí Daonlathach na hEorpa,Ομάδα τωv Ευρωπαίωv Πρooδευτικώv Δημoκρατώv,Група на Европейските прогресивни демократи
http://data.europarl.europa.eu/org/group/DEP-501,1979-07-16,1979-07-16,1984-07-22,979,DEP,Group of European Progressive Democrats,Európai Progresszív Demokraták Csoportja,Euroopa progressiivsete demokraatide fraktsioon,Euroopan edistyksellisten demokraattien ryhmä,Skupina Evropských progresivních demokratů,Skupina Európskych pokrokových demokratov,Europos pažangiuju demokratu grupe,Eiropas Progresivo demokratu grupa,Grupp ta’ Demokratici Progressivi Ewropej,Group of European Progressive Democrats,De europæiske fremskridsdemokraters gruppe,Fractie van Europese democraten voor de vooruitgang,Gruppen Europeiska progressiva demokrater,Klub zastupnika europskih progresivnih demokrata,Skupina Evropskih naprednih demokratov,Grupa Europejskich Postepowych Demokratów,Fraktion der Europäischen Demokraten für den Fortschritt,Grupul Democraților europeni progresiști,Gruppo dei democratici europei di progresso,Grupo dos Democratas Europeus para o Progresso,Grupo de los Demócratas Europeos de Progreso,Groupe des démocrates européens de progrès,Grúpa Pháirtí Daonlathach na hEorpa,Ομάδα τωv Ευρωπαίωv Δημoκρατώv Πρoόδου,Група на Европейските прогресивни демократи
http://data.europarl.europa.eu/org/group/I-EDN-518,1997-01-12,1997-01-12,1999-07-18,985,I-EDN,Group of Independents for a Europe of Nations,Függetlenek Csoportja a Nemzetek Európájáért,Sõltumatute “Rahvusriikide Euroopa” fraktsioon,Riippumattomat kansakuntien Euroopan puolesta -ryhmä,Skupina Nezávislí pro Evropu národů,Skupina Nezávislých za Európu národov,Nepriklausomuju grupe už tautu Europa,Neatkarigo grupa Naciju Eiropai,Grupp ta’ Indipendenti ghall-Ewropa tan-Nazzjonijiet,Group of Independents for a Europe of Nations,Gruppen af Uafhængige for Nationernes Europa,Fractie van onafhankelijken voor het Europa van de Nationale Staten,Gruppen Oberoende för Nationernas Europa,Klub nezavisnih zastupnika za Europu naroda,Skupina neodvisnih za Evropo narodov,Grupa Niezaleznych na rzecz Europy Narodów,Fraktion der Unabhängigen für das Europa der Nationen,Grupul Neafiliaților pentru Europa Națiunilor,Gruppo dei deputati indipendenti per l'Europa delle nazioni,Grupo dos Independentes pela Europa das Nações,Grupo de Independientes por la Europa de las Naciones,Groupe des Indépendants pour l'Europe des Nations,An Grúpa Neamhspleách d'Eoraip na Náisiún,Ομάδα των Ανεξαρτήτων για την Ευρώπη των Εθνών,Група на независимите за Европа на нациите
http://data.europarl.europa.eu/org/group/ALDE-1550,2004-07-19,2004-07-19,2009-07-12,90099,ALDE,Group of the Alliance of Liberals and Democrats for Europe,Liberálisok és Demokraták Szövetsége Európáért Képviselőcsoport,Euroopa Demokraatide ja Liberaalide Liidu fraktsioon,Euroopan liberaalidemokraattien liiton ryhmä,Skupina Aliance liberálů a demokratů pro Evropu,Skupina Aliancie liberálov a demokratov za Európu,Liberalų ir demokratų aljanso už Europą frakcija,Eiropas Liberāļu un demokrātu apvienības grupa,Grupp ta' l-Alleanza tal-Liberali u d-Demokratiċi għall-Ewropa,Group of the Alliance of Liberals and Democrats for Europe,Gruppen Alliancen af Liberale og Demokrater for Europa,Alliantie van Liberalen en Democraten voor Europa fractie,Gruppen Alliansen liberaler och demokrater för Europa,Klub zastupnika Saveza liberala i demokrata za Europu,Skupina zavezništva liberalcev in demokratov za Evropo,Grupa Porozumienia Liberałów i Demokratów na rzecz Europy,Fraktion der Allianz der Liberalen und Demokraten für Europa,Grupul Alianței Liberalilor și Democraților pentru Europa,Gruppo dell'Alleanza dei Democratici e dei Liberali per l'Europa,Grupo da Aliança dos Democratas e Liberais pela Europa,Grupo de la Alianza de los Demócratas y Liberales por Europa,Groupe Alliance des démocrates et des libéraux pour l'Europe,Grúpa Chomhghuaillíocht na Liobarálaithe agus na nDaonlathaithe don Eoraip,Ομάδα της Συμμαχίας Φιλελευθέρων και Δημοκρατών για την Ευρώπη,Група на Алианса на либералите и демократите за Европа
http://data.europarl.europa.eu/org/group/ALDE-2966,2009-07-13,2009-07-13,2014-06-29,91699,ALDE,Group of the Alliance of Liberals and Democrats for Europe,a Liberálisok és Demokraták Szövetsége Európáért képviselőcsoport,Euroopa Demokraatide ja Liberaalide Liidu fraktsioon,Euroopan liberaalidemokraattien liiton ryhmä,Skupina Aliance liberálů a demokratů pro Evropu,Skupina Aliancie liberálov a demokratov za Európu,Liberalų ir demokratų aljanso už Europą frakcija,Eiropas Liberāļu un demokrātu apvienības grupa,Grupp ta' l-Alleanza tal-Liberali u d-Demokratiċi għall-Ewropa,Group of the Alliance of Liberals and Democrats for Europe,Gruppen Alliancen af Liberale og Demokrater for Europa,Fractie Alliantie van Liberalen en Democraten voor Europa,Gruppen Alliansen liberaler och demokrater för Europa,Klub zastupnika Saveza liberala i demokrata za Europu,Skupina Zavezništva liberalcev in demokratov za Evropo,Grupa Porozumienia Liberałów i Demokratów na rzecz Europy,Fraktion der Allianz der Liberalen und Demokraten für Europa,Grupul Alianței Liberalilor și Democraților pentru Europa,Gruppo dell'Alleanza dei Democratici e dei Liberali per l'Europa,Grupo da Aliança dos Democratas e Liberais pela Europa,Grupo de la Alianza de los Demócratas y Liberales por Europa,Groupe Alliance des démocrates et des libéraux pour l'Europe,Grúpa Chomhghuaillíocht na Liobarálaithe agus na nDaonlathaithe don Eoraip,Ομάδα της Συμμαχίας Φιλελευθέρων και Δημοκρατών για την Ευρώπη,Група на Алианса на либералите и демократите за Европа
http://data.europarl.europa.eu/org/group/ALDE-4283,2014-06-30,2014-06-30,2019-06-30,93099,ALDE,Group of the Alliance of Liberals and Democrats for Europe,Liberálisok és Demokraták Szövetsége Európáért képviselőcsoport,Euroopa Demokraatide ja Liberaalide Liidu fraktsioon,Euroopan liberaalidemokraattien liiton ryhmä,Skupina Aliance liberálů a demokratů pro Evropu,Skupina Aliancie liberálov a demokratov za Európu,Liberalų ir demokratų aljanso už Europą frakcija,Eiropas Liberāļu un demokrātu apvienības grupa,Grupp ta' l-Alleanza tal-Liberali u d-Demokratiċi għall-Ewropa,Group of the Alliance of Liberals and Democrats for Europe,Gruppen Alliancen af Liberale og Demokrater for Europa,Fractie Alliantie van Liberalen en Democraten voor Europa,Gruppen Alliansen liberaler och demokrater för Europa,Klub zastupnika Saveza liberala i demokrata za Europu,Skupina Zavezništva liberalcev in demokratov za Evropo,Grupa Porozumienia Liberałów i Demokratów na rzecz Europy,Fraktion der Allianz der Liberalen und Demokraten für Europa,Grupul Alianței Liberalilor și Democraților pentru Europa,Gruppo dell'Alleanza dei Democratici e dei Liberali per l'Europa,Grupo da Aliança dos Democratas e Liberais pela Europa,Grupo de la Alianza de los Demócratas y Liberales por Europa,Groupe Alliance des démocrates et des libéraux pour l'Europe,Grúpa Chomhghuaillíocht na Liobarálaithe agus na nDaonlathaithe don Eoraip,Ομάδα της Συμμαχίας Φιλελευθέρων και Δημοκρατών για την Ευρώπη,Група на Алианса на либералите и демократите за Европа
http://data.europarl.europa.eu/org/group/RDE-489,1984-07-22,1984-07-22,1995-07-03,1000,RDE,Group of the European Democratic Alliance,Az Európai Demokrata Szövetség Csoportja,Euroopa demokraatide liidu fraktsioon,Euroopan demokraattien yhteistyöryhmä,Skupina evropské demokratické levice,Skupina Európskej demokratickej aliancie,Europos demokratinio aljanso grupe,Eiropas Demokratu alianses grupa,Grupp ta’ l-Alleanza Demokratika Ewropea,Group of the European Democratic Alliance,Gruppen Europæisk Demokratisk Alliance,Fractie van verenigde Europese democraten,Gruppen Europeiska demokratiska alliansen,Klub zastupnika Europskog demokratskog saveza,Skupina Evropske demokratske zveze,Grupa Europejskiego Sojuszu Demokratycznego,Fraktion der Sammlungsbewegung der Europäischen Demokraten,Grupul Adunării Democraților Europeni,Gruppo dell'Alleanza democratica europea,Grupo da Aliança dos Democratas Europeus,Grupo de Alianza Democrática Europea,Groupe du rassemblement des démocrates européens,Grúpa Chomhaontas Daonlathach na hEorpa,Ομάδα Συνασπισμού των Ευρωπαίων Δημοκρατών,Група на Европейския демократичен алианс
http://data.europarl.europa.eu/org/group/ELDR-515,1994-07-18,1994-07-18,2004-07-18,934,ELDR,"Group of the European Liberal, Democrat and Reform Party","az Európai Liberális, Demokrata és Reformpárt képviselőcsoportja","Euroopa Liberaalide, Demokraatide ja Reformistide Erakonna fraktsioon",Euroopan liberaali- ja demokraattipuolueen ryhmä,"Skupina Evropské liberální, demokratické a reformní strany","Skupina Európskej liberálnej, demokratickej a reformnej strany","Europos liberalų, demokratų ir reformų partijos frakcija",Eiropas Liberāli demokrātiskā reformistu partijas grupa,"Grupp tal-Partit Liberali, Demokratiku u Riformista","Group of the European Liberal, Democrat and Reform Party",Det Europæiske Liberale og Demokratiske Partis Gruppe,Fractie van de Europese Liberale en Democratische Partij,"Europeiska liberala, demokratiska och reformistiska partiets grupp","Klub zastupnika Europske liberalne, demokratske i reformne stranke","Skupina Evropske liberalne, demokratske in reformistične stranke",Grupa Europejskiej Liberalno-Demokratycznej Partii Reform,Fraktion der Liberalen und Demokratischen Partei Europas,"Greupul Partidului European al Liberalilor, Democraților și Reformatorilor","Gruppo del Partito europeo dei liberali, democratici e riformatori","Grupo do Partido Europeu dos Liberais, Democratas e Reformistas","Grupo del Partido Europeo de los Liberales, Demócratas y Reformistas","Groupe du Parti européen des libéraux, démocrates et réformateurs",Grúpa Pháirtí Liobrálach Daonlathach agus Athchóirithe na hEorpa ,"Ομάδα του Ευρωπαϊκού Κόμματος των Φιλελευθέρων, Δημοκρατών και Μεταρρυθμιστών","Група на Европейската либерална, демократична и реформистка партия"
http://data.europarl.europa.eu/org/group/PPE-2952,2009-07-13,2009-07-13,2014-06-29,72699,PPE,Group of the European People's Party (Christian Democrats),Európai Néppárt (Kereszténydemokraták) képviselőcsoport,Euroopa Rahvapartei (kristlike demokraatide) fraktsioon,Euroopan kansanpuolueen ryhmä (kristillisdemokraatit),Poslanecký klub Evropské lidové strany (Křesťanských demokratů),Poslanecký klub Európskej ľudovej strany (Kresťanských demokratov),Europos liaudies partijos (krikščionių demokratų) grupė,Eiropas Tautas partijas (Kristīgie demokrāti) grupa,Grupp tal-Partit Popolari Ewropew (Demokristjani),Group of the European People's Party (Christian Democrats),Det Europæiske Folkepartis Gruppe (Kristelige Demokrater),Fractie van de Europese Volkspartij (christendemocraten),Group of the European People's Party (Christian Democrats),Klub zastupnika Europske pučke stranke (kršćanski demokrati),Poslanska skupina Evropske ljudske stranke (Krščanskih demokratov),Grupa Europejskiej Partii Ludowej (Chrześcijańscy Demokraci),Fraktion der Europäischen Volkspartei (Christdemokraten),Grupul Partidului Popular European (Creștin Democrat),Gruppo del Partito Popolare Europeo (Democratici-Cristiani),Grupo do Partido Popular Europeu (Democratas-Cristãos),Grupo del Partido Popular Europeo (Demócrata-Cristianos),Groupe du Parti Populaire Européen (Démocrates-Chrétiens),Grúpa Pháirtí an Phobail Eorpaigh (Na Daonlathaithe Críostaí),Κoιvoβoυλευτική Ομάδα τoυ Ευρωπαϊκoύ Λαϊκoύ Κόμματoς (Χριστιαvoδημoκράτες),Група на Европейската народна партия (Християндемократи)
http://data.europarl.europa.eu/org/group/PPE-4273,2014-06-30,2014-06-30,2019-06-30,78399,PPE,Group of the European People's Party (Christian Democrats),Európai Néppárt (Kereszténydemokraták) képviselőcsoport,Euroopa Rahvapartei (kristlike demokraatide) fraktsioon,Euroopan kansanpuolueen ryhmä (kristillisdemokraatit),Poslanecký klub Evropské lidové strany (Křesťanských demokratů),Poslanecký klub Európskej ľudovej strany (Kresťanských demokratov),Europos liaudies partijos (krikščionių demokratų) frakcija,Eiropas Tautas partijas (Kristīgie demokrāti) grupa,Grupp tal-Partit Popolari Ewropew (Demokristjani),Group of the European People's Party (Christian Democrats),Det Europæiske Folkepartis Gruppe (Kristelige Demokrater),Fractie van de Europese Volkspartij (christendemocraten),Group of the European People's Party (Christian Democrats),Klub zastupnika Europske pučke stranke (kršćanski demokrati),Poslanska skupina Evropske ljudske stranke (Krščanskih demokratov),Grupa Europejskiej Partii Ludowej (Chrześcijańscy Demokraci),Fraktion der Europäischen Volkspartei (Christdemokraten),Grupul Partidului Popular European (Creștin Democrat),Gruppo del Partito popolare europeo (Democratici cristiani),Grupo do Partido Popular Europeu (Democratas-Cristãos),Grupo del Partido Popular Europeo (Demócrata-Cristianos),Groupe du Parti populaire européen (Démocrates-Chrétiens),Grúpa Pháirtí an Phobail Eorpaigh (Na Daonlathaithe Críostaí),Κoιvoβoυλευτική Ομάδα τoυ Ευρωπαϊκoύ Λαϊκoύ Κόμματoς (Χριστιαvoδημoκράτες),Група на Европейската народна партия (Християндемократи)
http://data.europarl.europa.eu/org/group/PPE-5153,2019-07-01,2019-07-01,2099-12-30,81299,PPE,Group of the European People's Party (Christian Democrats),Európai Néppárt (Kereszténydemokraták) képviselőcsoport,Euroopa Rahvapartei (kristlike demokraatide) fraktsioon,Euroopan kansanpuolueen ryhmä (kristillisdemokraatit),poslanecký klub Evropské lidové strany (Křesťanských demokratů),Poslanecký klub Európskej ľudovej strany (Kresťanských demokratov),Europos liaudies partijos (krikščionių demokratų) frakcija,Eiropas Tautas partijas (Kristīgie demokrāti) grupa,Grupp tal-Partit Popolari Ewropew (Demokristjani),Group of the European People's Party (Christian Democrats),Det Europæiske Folkepartis Gruppe (Kristelige Demokrater),Fractie van de Europese Volkspartij (christendemocraten),Group of the European People's Party (Christian Democrats),Klub zastupnika Europske pučke stranke (kršćanski demokrati),Poslanska skupina Evropske ljudske stranke (Krščanskih demokratov),Grupa Europejskiej Partii Ludowej (Chrześcijańscy Demokraci),Fraktion der Europäischen Volkspartei (Christdemokraten),Grupul Partidului Popular European (Creștin Democrat),Gruppo del Partito popolare europeo (Democratici cristiani),Grupo do Partido Popular Europeu (Democratas-Cristãos),Grupo del Partido Popular Europeo (Demócrata-Cristianos),Groupe du Parti populaire européen (Démocrates-Chrétiens),Grúpa Pháirtí an Phobail Eorpaigh (Na Daonlathaithe Críostaí),Ομάδα του Ευρωπαϊκού Λαϊκού Κόμματος (Χριστιανοδημοκράτες),Група на Европейската народна партия (Християндемократи)
http://data.europarl.europa.eu/org/group/PPE-DE-994,1999-07-19,1999-07-19,2004-07-18,706,PPE-DE,Group of the European People's Party (Christian Democrats) and European Democrats,az Európai Néppárt (Kereszténydemokraták) és Európai Demokraták képviselőcsoportja,Euroopa Rahvaerakonna (Kristlike Demokraatide) ja Euroopa Demokraatide fraktsioon,Euroopan kansanpuolueen (kristillisdemokraatit) ja Euroopan demokraattien ryhmä,Skupina Evropské lidové strany (Křesťanských demokratů) a Evropských demokratů,Skupina Európskej ľudovej strany (kresťanských demokratov) a Európskych demokratov,Europos liaudies partijos (krikščionių demokratų) ir Europos demokratų frakcija,Eiropas Tautas partijas (Kristīgo demokrātu) un Eiropas Demokrātu grupa,Grupp tal-Partit Popolari Ewropew (Demokristjani) u Demokratiċi Ewropej,Group of the European People's Party (Christian Democrats) and European Democrats,Gruppen for Det Europæiske Folkeparti (Kristelige Demokrater) og De Europæiske Demokrater,Fractie van de Europese Volkspartij (Christendemocraten) en Europese Democraten,Gruppen för Europeiska folkpartiet (kristdemokrater) och Europademokraterna,Klub zastupnika Europske pučke stranke (kršćanski demokrati) i Europskih demokrata,Skupina Evropske ljudske stranke (krščanski demokrati) in Evropskih demokratov,Grupa Europejskiej Partii Ludowej (Chrześcijańscy Demokraci) i Europejskich Demokratów,Fraktion der Europäischen Volkspartei (Christdemokraten) und europäischer Demokraten,Grupul Partidului Popular European (Creștin-Democrat) și al Democraților Europeni,Gruppo del Partito popolare europeo (Democratico-cristiano) e Democratici europei,Grupo do Partido Popular Europeu (Democrata-Cristão) e Democratas Europeus,Grupo del Partido Popular Europeo (Demócrata-Cristianos) y Demócratas Europeos,Groupe du Parti populaire européen (Démocrates-Chrétiens) et Démocrates européens,Grúpa Pháirtí an Phobail Eorpaigh (Grúpa na nDaonlathaithe Críostaí) agus na nDaonlathaithe Eorpacha,Ομάδα τoυ Ευρωπαϊκoύ Λαϊκoύ Κόμματoς (Χριστιαvoδημoκράτες) και των Ευρωπαίωv Δημoκρατώv,Група на Европейската народна партия (Християндемократи) и Европейските демократи
http://data.europarl.europa.eu/org/group/PPE-DE-1533,2004-07-19,2004-07-19,2009-07-12,71199,PPE-DE,Group of the European People's Party (Christian Democrats) and European Democrats,az Európai Néppárt (Kereszténydemokraták) és az Európai Demokraták Képviselőcsoportja,Euroopa Rahvapartei (Kristlike Demokraatide) ja Euroopa Demokraatide fraktsioon,Euroopan kansanpuolueen (kristillisdemokraatit) ja Euroopan demokraattien ryhmä,Skupina Evropské lidové strany (Křesťanských demokratů) a Evropských demokratů,Skupina Európskej ľudovej strany (kresťanských demokratov) a Európskych demokratov,Europos liaudies partijos (krikščionių demokratų) ir Europos demokratų frakcija,Eiropas Tautas Partijas (Kristīgo demokrātu) un Eiropas Demokrātu grupa,Grupp tal-Partit Popolari Ewropew (Demokristjani) u Demokratiċi Ewropej,Group of the European People's Party (Christian Democrats) and European Democrats,Gruppen for Det Europæiske Folkeparti (Kristelige Demokrater) og De Europæiske Demokrater,Fractie van de Europese Volkspartij (Christen-democraten) en Europese Democraten,Gruppen för Europeiska folkpartiet (kristdemokrater) och Europademokrater,Klub zastupnika Europske pučke stranke (kršćanski demokrati) i Europskih demokrata,Skupina Evropske ljudske stranke (Krščanskih demokratov) in Evropskih demokratov,Grupa Europejskiej Partii Ludowej (Chrześcijańscy Demokraci) i Europejskich Demokratów,Fraktion der Europäischen Volkspartei (Christdemokraten) und europäischer Demokraten,Grupul Partidului Popular European (Creștin-Democrat) și al Democraților Europeni,Gruppo del Partito popolare europeo (Democratici-cristiani) e dei Democratici europei,Grupo do Partido Popular Europeu (Democratas-Cristãos) e dos Democratas Europeus,Grupo del Partido Popular Europeo (Demócrata-Cristianos) y de los Demócratas Europeos,Groupe du Parti populaire européen (Démocrates-chrétiens) et des Démocrates européens,Grúpa Pháirtí an Phobail Eorpaigh (Na Daonlathaithe Críostaí) agus na nDaonlathaithe Eorpacha,Ομάδα τoυ Ευρωπαϊκoύ Λαϊκoύ Κόμματoς (Χριστιαvoδημoκράτες) και των Ευρωπαίωv Δημoκρατώv,Група на Европейската народна партия (Християндемократи) и Европейските демократи
http://data.europarl.europa.eu/org/group/PPE-484,1979-07-16,1979-07-16,1994-07-17,830,PPE,Group of the European People's Party (Christian-Democratic Group),Az Európai Néppárt Csoportja (Kereszténydemokrata Csoport),Euroopa rahvapartei fraktsioon (kristlik-demokraatide fraktsioon),Euroopan kansanpuolueen ryhmä (kristillis-demokraattinen puolueryhmä),Skupina Evropské lidové strany (Skupina křesťanské demokracie),Skupina Európskej ludovej strany (Krestansko-demokratická skupina),Europos liaudies partijos grupe (Krikšcioniu demokratu grupe),Eiropas Tautas Partijas grupa (Kristigo demokratu grupa),Grupp tal-Partit Popolari Ewropew (Grupp Demokratiku-Kristjan),Group of the European People's Party (Christian-Democratic Group),Det Europæiske Folkepartis Gruppe (Den Kristelig-Demokratiske Gruppe),Fractie van de Europese Volkspartij (Christen-democratische Fractie),Europeiska folkpartiets grupp (Kristdemokratiska gruppen),Klub zastupnika Europske pučke stranke (Kršćansko-demokratski klub zastupnika),Skupina Evropske ljudske stranke (skupina krščanskih demokratov),Grupa Europejskiej Partii Ludowej (Chrzescijanscy Demokraci),Fraktion der Europäischen Volkspartei (Christlich-demokratische Fraktion),Grupul Partidului Popular European (Grupul Creștin-Democrat),Gruppo del partito popolare europeo (Gruppo democratico cristiano),Grupo do Partido Popular Europeu (Grupo Democrata-Cristão),Grupo del Partido Popular Europeo (Grupo Demócrata Cristiano),Groupe du parti populaire européen (Groupe démocrate-chrétien),Grúpa Pháirtí an Phobail Eorpaigh (Grúpa na nDaonlathaithe Críostaí) ,Ομάδα του Ευρωπαϊκού Λαϊκού Κόμματος (Χριστιανοδημοκράτες),Група на Европейската народна партия (Група на християндемократите)
http://data.europarl.europa.eu/org/group/PPE-514,1994-07-18,1994-07-18,1999-07-18,802,PPE,Group of the European People's Party (Christian-Democratic Group),Az Európai Néppárt Csoportja (Kereszténydemokrata Csoport),Euroopa rahvapartei fraktsioon (kristlik-demokraatide fraktsioon),Euroopan kansanpuolueen ryhmä (kristillis-demokraattinen puolueryhmä),Skupina Evropské lidové strany (Skupina křesťanské demokracie),Skupina Európska ludová strana (Krestansko-demokratická skupina),Europos liaudies partijos grupe (Krikšcioniu demokratu grupe),Eiropas Tautas Partijas grupa (Kristigo demokratu grupa),Grupp tal-Partit Popolari Ewropew (Grupp Demokratiku-Kristjan),Group of the European People's Party (Christian-Democratic Group),Det Europæiske Folkepartis Gruppe (Den Kristelig-Demokratiske Gruppe),Fractie van de Europese Volkspartij (Christen-democratische Fractie),Europeiska folkpartiets grupp (Kristdemokratiska gruppen),Klub zastupnika Europske pučke stranke (Kršćansko-demokratski klub zastupnika),Skupina Evropske ljudske stranke (skupina krščanskih demokratov),Grupa Europejskiej Partii Ludowej (Chrzescijanscy Demokraci),Fraktion der Europäischen Volkspartei (Christlich-demokratische Fraktion),Grupul Partidului Popular European (Grupul Creștin-Democrat),Gruppo del partito popolare europeo (Gruppo democratico cristiano),Grupo do Partido Popular Europeu (Grupo Democrata-Cristão),Grupo del Partido Popular Europeo (Grupo Demócrata Cristiano),Groupe du parti populaire européen (Groupe démocrate-chrétien),Grúpa Pháirtí an Phobail Eorpaigh (Grúpa na nDaonlathaithe Críostaí) ,Ομάδα του Ευρωπαϊκού Λαϊκού Κόμματος (Χριστιανοδημοκράτες),Група на Европейската народна партия (Група на християндемократите)
http://data.europarl.europa.eu/org/group/ARE-512,1994-07-18,1994-07-18,1999-07-18,979,ARE,Group of the European Radical Alliance,Az Európai Radikális Szövetség Csoportja,Euroopa radikaalide liidu fraktsioon,Euroopan radikaaliallianssin ryhmä,Skupina evropské radikální aliance,Skupina Európska radikálna aliancia,Europos radikaliuju aljanso grupe,Eiropas Radikalu alianses grupa,Grupp ta’ l-Alleanza Demokratika Ewropea,Group of the European Radical Alliance,Gruppen Europæisk Radikal Alliance,Fractie Europese Radicale Alliantie,Gruppen Europeiska radikala alliansen,Klub zastupnika Europskog radikalnog saveza,Skupina Evropske radikalne zveze,Grupa Europejskiego Sojuszu Radykalnego,Fraktion der Radikalen Europäischen Allianz,Grupul Alianței Radicale Europene,Gruppo dell'Alleanza radicale europea,Grupo da Aliança Radical Europeia,Grupo de Coalición Radical Europea,Groupe de l'Alliance radicale européenne,Grúpa Chomhaontas Radacach na hEorpa,Ομάδα της Ευρωπαϊκής Ριζοσπαστικής Συμμαχίας,Група на Европейския радикален алианс
http://data.europarl.europa.eu/org/group/DR-507,1984-07-23,1984-07-23,1989-07-23,984,DR,Group of the European Right,Az Európai Jobboldal Csoportja,Euroopa parempoolsete fraktsioon,Euroopan oikeistopuolueen ryhmä,Skupina Evropské pravice,Skupina Európskej pravice,Europos dešiniuju grupe,Eiropas tiesibu grupa,Grupp tal-Lemin Ewropew,Group of the European Right,De Europæiske Højrepqrtiers Gruppe,Europese Rechtse Fractie,Gruppen Europeiska högern,Klub zastupnika europske desnice,Skupina evropske desnice,Grupa Prawicy Europejskiej,Fraktion der Europäischen Rechten,Grupul liniilor europene,Gruppo delle destre europee,Grupo das Direitas Europeias,Grupo de Derechas Europeas,Groupe des droites européennes,Grúpa Eite Dheis na hEorpa,Ομάδα των Κομμάτων της Ευρωπαϊκής Δεξιάς,Група на Европейската десница
http://data.europarl.europa.eu/org/group/GUE/NGL-5151,2019-07-01,2019-07-01,2099-12-30,96099,GUE/NGL,Group of the European United Left - Nordic Green Left,Egységes Európai Baloldal/Északi Zöld Baloldal képviselőcsoport,Euroopa Ühendatud Vasakpoolsete / Põhjamaade Roheliste Vasakpoolsete fraktsioon,Euroopan yhtyneen vasemmiston ryhmä/Pohjoismaiden vihreä vasemmisto,skupina Evropské sjednocené levice a Severské zelené levice,Skupina Európskej zjednotenej ľavice – Severskej zelenej ľavice,Europos vieningųjų kairiųjų frakcija / Šiaurės šalių žalieji kairieji,Eiropas Apvienotā kreiso un Ziemeļvalstu Zaļo kreiso spēku grupa,Grupp tax-Xellug Magħqud Ewropew - Xellug Aħdar Nordiku,Group of the European United Left - Nordic Green Left,Den Europæiske Venstrefløjs Fællesgruppe/Nordisk Grønne Venstre,Fractie Europees Unitair Links/Noords Groen Links,Gruppen Europeiska enade vänstern/Nordisk grön vänster,Klub zastupnika Ujedinjene europske ljevice i Nordijske zelene ljevice,Skupina Evropske združene levice - Zelene nordijske levice,Grupa Zjednoczonej Lewicy Europejskiej / Nordycka Zielona Lewica,Fraktion der Vereinigten Europäischen Linken/Nordische Grüne Linke,Grupul Stângii Unite Europene/Stânga Verde Nordică,Gruppo della Sinistra unitaria europea/Sinistra verde nordica,Grupo da Esquerda Unitária Europeia/Esquerda Nórdica Verde,Grupo de la Izquierda Unitaria Europea/Izquierda Verde Nórdica,Groupe de la Gauche unitaire européenne/Gauche verte nordique,An Grúpa den Chlé Aontaithe Eorpach/den Chlé Ghlas Nordach,Ομάδα της Ευρωπαϊκής Ενωτικής Αριστεράς/Αριστερά των Πρασίνων των Βορείων Χωρών,Група на Европейската обединена левица - Северна зелена левица
http://data.europarl.europa.eu/org/group/Verts/ALE-991,1999-07-19,1999-07-19,2004-07-18,953,Verts/ALE,Group of the Greens/European Free Alliance,a Zöldek/Európai Szabad Szövetség képviselőcsoportja,Roheliste/Euroopa Vabaliidu fraktsioon,Vihreät / Euroopan vapaa allianssi -ryhmä,Skupina Zelených/Evropské svobodné aliance,Skupina Zelených/Európska slobodná aliancia,Žaliųjų frakcija/Europos laisvasis aljansas,Zaļo un Eiropas Brīvās apvienības grupa,Grupp tal-Ħodor/Alleanza Ħielsa Ewropea,Group of the Greens/European Free Alliance,Gruppen De Grønne/Den Europæiske Fri Alliance,Fractie De Groenen/Vrije Europese Alliantie,Gruppen De gröna/Europeiska fria alliansen,Klub zastupnika Zelenih/Europskog slobodnog saveza,Skupina Zelenih/Evropske svobodne zveze,Grupa Zielonych / Wolne Przymierze Europejskie,Fraktion der Grünen / Freie Europäische Allianz,Grupul Verzilor/Alianța Liberă Europeană,Gruppo Verde/Alleanza libera europea,Grupo dos Verdes/Aliança Livre Europeia,Grupo de los Verdes/Alianza Libre Europea,Groupe des Verts/Alliance libre européenne,An Grúpa Glas/Grúpa na Saor-Comhghuaillíochta Eorpaí,Ομάδα τωv Πρασίvωv / Ευρωπαϊκή Ελεύθερη Συμμαχία,Група на Зелените/Европейски свободен алианс
http://data.europarl.europa.eu/org/group/Verts/ALE-1538,2004-07-19,2004-07-19,2009-07-12,95700,Verts/ALE,Group of the Greens/European Free Alliance,a Zöldek/ az Európai Szabad Szövetség Képviselőcsoportja,Roheliste / Euroopa Vabaliidu fraktsioon,Vihreät / Euroopan vapaa allianssi -ryhmä,Skupina Zelených/Evropské svobodné aliance,Skupina zelených/Európska slobodná aliancia,Žaliųjų frakcija/Europos laisvasis aljansas,Zaļo un Eiropas Brīvās apvienības grupa,Grupp tal-Ħodor/Alleanza Ħielsa Ewropea,Group of the Greens/European Free Alliance,Gruppen De Grønne/Den Europæiske Fri Alliance,Fractie De Groenen/Vrije Europese Alliantie,Gruppen De gröna/Europeiska fria alliansen,Klub zastupnika Zelenih/Europskog slobodnog saveza,Skupina Zelenih/Evropske svobodne zveze,Grupa Zielonych / Wolne Przymierze Europejskie,Fraktion der Grünen / Freie Europäische Allianz,Grupul Verzilor/Alianța Liberă Europeană,Gruppo Verde/Alleanza libera europea,Grupo dos Verdes/Aliança Livre Europeia,Grupo de los Verdes/Alianza Libre Europea,Groupe des Verts/Alliance libre européenne,An Grúpa Glas/Grúpa na Saor-Comhghuaillíochta Eorpaí,Ομάδα τωv Πρασίvωv / Ευρωπαϊκή Ελεύθερη Συμμαχία,Група на Зелените/Европейски свободен алианс
http://data.europarl.europa.eu/org/group/Verts/ALE-2965,2009-07-13,2009-07-13,2014-06-29,94299,Verts/ALE,Group of the Greens/European Free Alliance,a Zöldek/ az Európai Szabad Szövetség Képviselőcsoportja,Roheliste / Euroopa Vabaliidu fraktsioon,Vihreät / Euroopan vapaa allianssi -ryhmä,Skupina Zelených/Evropské svobodné aliance,Skupina zelených/Európska slobodná aliancia,Žaliųjų frakcija/Europos laisvasis aljansas,Zaļo un Eiropas Brīvās apvienības grupa,Grupp tal-Ħodor/Alleanza Ħielsa Ewropea,Group of the Greens/European Free Alliance,Gruppen De Grønne/Den Europæiske Fri Alliance,Fractie De Groenen/Vrije Europese Alliantie,Gruppen De gröna/Europeiska fria alliansen,Klub zastupnika Zelenih/Europskog slobodnog saveza,Skupina Zelenih/Evropske svobodne zveze,Grupa Zielonych / Wolne Przymierze Europejskie,Fraktion der Grünen / Freie Europäische Allianz,Grupul Verzilor/Alianța Liberă Europeană,Gruppo Verde/Alleanza libera europea,Grupo dos Verdes/Aliança Livre Europeia,Grupo de los Verdes/Alianza Libre Europea,Groupe des Verts/Alliance libre européenne,An Grúpa Glas/Grúpa na Saor-Comhghuaillíochta Eorpaí,Ομάδα τωv Πρασίvωv / Ευρωπαϊκή Ελεύθερη Συμμαχία,Група на Зелените/Европейски свободен алианс
http://data.europarl.europa.eu/org/group/Verts/ALE-4285,2014-06-30,2014-06-30,2019-06-30,94799,Verts/ALE,Group of the Greens/European Free Alliance,Zöldek/Európai Szabad Szövetség képviselőcsoport,Roheliste / Euroopa Vabaliidu fraktsioon,Vihreät / Euroopan vapaa allianssi -ryhmä,Skupina Zelených/Evropské svobodné aliance,Skupina zelených/Európska slobodná aliancia,Žaliųjų frakcija/Europos laisvasis aljansas,Zaļo un Eiropas Brīvās apvienības grupa,Grupp tal-Ħodor/Alleanza Ħielsa Ewropea,Group of the Greens/European Free Alliance,Gruppen De Grønne/Den Europæiske Fri Alliance,Fractie De Groenen/Vrije Europese Alliantie,Gruppen De gröna/Europeiska fria alliansen,Klub zastupnika Zelenih/Europskog slobodnog saveza,Skupina Zelenih/Evropske svobodne zveze,Grupa Zielonych / Wolne Przymierze Europejskie,Fraktion der Grünen / Freie Europäische Allianz,Grupul Verzilor/Alianța Liberă Europeană,Gruppo dei Verdi/Alleanza libera europea,Grupo dos Verdes/Aliança Livre Europeia,Grupo de los Verdes/Alianza Libre Europea,Groupe des Verts/Alliance libre européenne,An Grúpa Glas/Grúpa na Saor-Comhghuaillíochta Eorpaí,Ομάδα τωv Πρασίvωv / Ευρωπαϊκή Ελεύθερη Συμμαχία,Група на Зелените/Европейски свободен алианс
http://data.europarl.europa.eu/org/group/Verts/ALE-5155,2019-07-01,2019-07-01,2099-12-30,93199,Verts/ALE,Group of the Greens/European Free Alliance,Zöldek/Európai Szabad Szövetség képviselőcsoport,Roheliste / Euroopa Vabaliidu fraktsioon,Vihreät / Euroopan vapaa allianssi -ryhmä,skupina Zelených / Evropské svobodné aliance,Skupina zelených/Európska slobodná aliancia,Žaliųjų frakcija/Europos laisvasis aljansas,Zaļo un Eiropas Brīvās apvienības grupa,Grupp tal-Ħodor/Alleanza Ħielsa Ewropea,Group of the Greens/European Free Alliance,Gruppen De Grønne/Den Europæiske Fri Alliance,Fractie De Groenen/Vrije Europese Alliantie,Gruppen De gröna/Europeiska fria alliansen,Klub zastupnika Zelenih/Europskog slobodnog saveza,Skupina Zelenih/Evropske svobodne zveze,Grupa Zielonych / Wolne Przymierze Europejskie,Fraktion der Grünen / Freie Europäische Allianz,Grupul Verzilor/Alianța Liberă Europeană,Gruppo dei Verdi/Alleanza libera europea,Grupo dos Verdes/Aliança Livre Europeia,Grupo de los Verdes/Alianza Libre Europea,Groupe des Verts/Alliance libre européenne,An Grúpa Glas/Grúpa na Saor-Comhghuaillíochta Eorpaí,Ομάδα των Πρασίνων / Ευρωπαϊκή Ελεύθερη Συμμαχία,Група на Зелените/Европейски свободен алианс
http://data.europarl.europa.eu/org/group/PSE-509,1993-04-20,1993-04-20,2004-07-18,768,PSE,Group of the Party of European Socialists,az Európai Szocialisták Pártjának képviselőcsoportja,Euroopa Sotsialistide Erakonna fraktsioon,Euroopan sosiaalidemokraattisen puolueen ryhmä,Skupina Strany Evropských socialistů,Skupina Strany európskych socialistov,Europos socialistų partijos frakcija,Eiropas Sociālistu partijas grupa,Grupp tal-Partit tas-Soċjalisti Ewropej,Group of the Party of European Socialists,De Europæiske Socialdemokraters Gruppe,Fractie van de Partij van de Europese Sociaal-democraten,Europeiska socialdemokratiska partiets grupp,Klub zastupnika Stranke europskih socijalista,Skupina Stranke evropskih socialistov,Grupa Partii Europejskich Socjaldemokratów,Fraktion der Sozialdemokratischen Partei Europas,Grupul Parlamentar al Paridului Socialist European,Gruppo del Partito del socialismo europeo,Grupo do Partido dos Socialistas Europeus,Grupo Parlamentario del Partido Socialista Europeo,Groupe parlementaire du Parti socialiste européen,Grúpa Pháirtí na Sóisialaithe Eorpacha,Ομάδα του Ευρωπαϊκού Σοσιαλιστικού Κόμματος,Група на Партията на европейските социалисти
http://data.europarl.europa.eu/org/group/S&amp;D-2953,2009-07-13,2009-07-13,2014-06-29,80499,S&D,Group of the Progressive Alliance of Socialists and Democrats in the European Parliament,Szocialisták és Demokraták Progresszív Szövetsége Európai Parlamenti Képviselőcsoportja,Sotsiaaldemokraatide ja demokraatide fraktsioon Euroopa Parlamendis,Euroopan parlamentin sosialistien ja demokraattien ryhmä,Skupina progresivní aliance socialistů a demokratů v Evropském parlamentu,Skupina progresívnej aliancie socialistov a demokratov v Európskom parlamente,Europos Parlamento socialistų ir demokratų pažangiojo aljanso frakcija,Eiropas Parlamenta sociālistu un demokrātu progresīvās alianses grupa,Grupp tal-Allejanza Progressiva tas-Socjalisti u d-Demokratici fil-Parlament Ewropew,Group of the Progressive Alliance of Socialists and Democrats in the European Parliament,Gruppen for Det Progressive Forbund af Socialdemokrater i Europa-Parlamentet,Fractie van de Progressieve Alliantie van Socialisten en Democraten in het Europees Parlement,Gruppen Progressiva förbundet av Socialdemokrater i Europaparlamentet,Klub zastupnika Progresivnog saveza socijalista i demokrata u Europskom parlamentu,Skupina naprednega zavezništva socialistov in demokratov v Evropskem parlamentu,Grupa Postępowego Sojuszu Socjalistów i Demokratów w Parlamencie Europejskim,Fraktion der Progressiven Allianz der Sozialisten & Demokraten im Europäischen Parlament,Grupul Alianței Progresiste a Socialiștilor si Democraților din Parlamentul European,Gruppo dell'Alleanza Progressista di Socialisti e Democratici al Parlamento Europeo,Grupo da Aliança Progressista dos Socialistas e Democratas no Parlamento Europeu,Grupo de la Alianza Progresista de Socialistas y Demócratas en el Parlamento Europeo,Groupe de l'Alliance Progressiste des Socialistes et Démocrates au Parlement européen,Grúpa an Aontais Fhorásach na Sóisialaithe agus na nDaonlathaithe i bParliament na hEorpa,Ομάδα της Προοδευτικής Συμμαχίας των Σοσιαλιστών και Δημοκρατών στο Ευρωπαϊκό Κοινοβούλιο,Група на Прогресивния алианс на социалистите и демократите в Европейския парламент
http://data.europarl.europa.eu/org/group/S&amp;D-4284,2014-06-30,2014-06-30,2019-06-30,81599,S&D,Group of the Progressive Alliance of Socialists and Democrats in the European Parliament,Szocialisták és Demokraták Progresszív Szövetsége az Európai Parlamentben képviselőcsoport,Sotsiaaldemokraatide ja demokraatide fraktsioon Euroopa Parlamendis,Euroopan parlamentin sosialistien ja demokraattien ryhmä,Skupina progresivní aliance socialistů a demokratů v Evropském parlamentu,Skupina progresívnej aliancie socialistov a demokratov v Európskom parlamente,Europos Parlamento socialistų ir demokratų pažangiojo aljanso frakcija,Eiropas Parlamenta sociālistu un demokrātu progresīvās alianses grupa,Grupp tal-Alleanza Progressiva tas-Soċjalisti u d-Demokratiċi fil-Parlament Ewropew,Group of the Progressive Alliance of Socialists and Democrats in the European Parliament,Gruppen for Det Progressive Forbund af Socialdemokrater i Europa-Parlamentet,Fractie van de Progressieve Alliantie van Socialisten en Democraten in het Europees Parlement,Gruppen Progressiva förbundet av Socialdemokrater i Europaparlamentet,Klub zastupnika Progresivnog saveza socijalista i demokrata u Europskom parlamentu,Skupina naprednega zavezništva socialistov in demokratov v Evropskem parlamentu,Grupa Postępowego Sojuszu Socjalistów i Demokratów w Parlamencie Europejskim,Fraktion der Progressiven Allianz der Sozialdemokraten im Europäischen Parlament,Grupul Alianței Progresiste a Socialiștilor si Democraților din Parlamentul European,Gruppo dell'Alleanza progressista di Socialisti e Democratici al Parlamento Europeo,Grupo da Aliança Progressista dos Socialistas e Democratas no Parlamento Europeu,Grupo de la Alianza Progresista de Socialistas y Demócratas en el Parlamento Europeo,Groupe de l'Alliance Progressiste des Socialistes et Démocrates au Parlement européen,Grúpa an Aontais Fhorásach na Sóisialaithe agus na nDaonlathaithe i bParliament na hEorpa,Ομάδα της Προοδευτικής Συμμαχίας των Σοσιαλιστών και Δημοκρατών στο Ευρωπαϊκό Κοινοβούλιο,Група на Прогресивния алианс на социалистите и демократите в Европейския парламент
http://data.europarl.europa.eu/org/group/S&amp;D-5154,2019-07-01,2019-07-01,2099-12-30,85399,S&D,Group of the Progressive Alliance of Socialists and Democrats in the European Parliament,Szocialisták és Demokraták Progresszív Szövetsége az Európai Parlamentben képviselőcsoport,Sotsiaaldemokraatide ja demokraatide fraktsioon Euroopa Parlamendis,Euroopan parlamentin sosialistien ja demokraattien ryhmä,skupina Progresivní aliance socialistů a demokratů v Evropském parlamentu,Skupina progresívnej aliancie socialistov a demokratov v Európskom parlamente,Europos Parlamento socialistų ir demokratų pažangiojo aljanso frakcija,Eiropas Parlamenta sociālistu un demokrātu progresīvās alianses grupa,Grupp tal-Alleanza Progressiva tas-Soċjalisti u d-Demokratiċi fil-Parlament Ewropew,Group of the Progressive Alliance of Socialists and Democrats in the European Parliament,Gruppen for Det Progressive Forbund af Socialdemokrater i Europa-Parlamentet,Fractie van de Progressieve Alliantie van Socialisten en Democraten in het Europees Parlement,Gruppen Progressiva förbundet av Socialdemokrater i Europaparlamentet,Klub zastupnika Progresivnog saveza socijalista i demokrata u Europskom parlamentu,Skupina naprednega zavezništva socialistov in demokratov v Evropskem parlamentu,Grupa Postępowego Sojuszu Socjalistów i Demokratów w Parlamencie Europejskim,Fraktion der Progressiven Allianz der Sozialdemokraten im Europäischen Parlament,Grupul Alianței Progresiste a Socialiștilor si Democraților din Parlamentul European,Gruppo dell'Alleanza progressista di Socialisti e Democratici al Parlamento Europeo,Grupo da Aliança Progressista dos Socialistas e Democratas no Parlamento Europeu,Grupo de la Alianza Progresista de Socialistas y Demócratas en el Parlamento Europeo,Groupe de l'Alliance Progressiste des Socialistes et Démocrates au Parlement européen,Grúpa an Aontais Fhorásach na Sóisialaithe agus na nDaonlathaithe i bParliament na hEorpa,Ομάδα της Προοδευτικής Συμμαχίας των Σοσιαλιστών και Δημοκρατών στο Ευρωπαϊκό Κοινοβούλιο,Група на Прогресивния алианс на социалистите и демократите в Европейския парламент
http://data.europarl.europa.eu/org/group/ID-5588,2019-07-01,2019-07-01,2099-12-30,92399,ID,Identity and Democracy Group,Identitás és Demokrácia képviselőcsoport,Identiteedi ja Demokraatia fraktsioon,Identiteetti ja demokratia -ryhmä,skupina Identita a demokracie,Skupina Identita a demokracia,Identiteto ir demokratijos frakcija,Identitātes un demokrātijas grupa,Grupp Identità u Demokrazija,Identity and Democracy Group,Gruppen Identitet og Demokrati,Fractie Identiteit en Democratie,Gruppen Identitet och demokrati,Klub zastupnika Identitet i demokracija,Skupina Identiteta in demokracija,Grupa Tożsamość i Demokracja,Fraktion Identität und Demokratie,Grupul Identitate și Democrație,Gruppo Identità e Democrazia,Grupo Identidade e Democracia,Grupo Identidad y Democracia,Groupe «Identité et démocratie»,Grúpa na Féiniúlachta agus an Daonlathais,Ομάδα Ταυτότητας και Δημοκρατίας,Група „Идентичност и демокрация“
http://data.europarl.europa.eu/org/group/ITS-2345,2007-01-14,2007-01-14,2007-11-12,99998,ITS,"Identity, Tradition and Sovereignty Group","az Identitás, Hagyomány, Szuverenitás képviselőcsoport","fraktsioon Identiteet, Traditsioon, Suveräänsus","Identiteetin, perinteiden ja itsenäisyyden puolustajien ryhmä","Skupina Identita, tradice, suverenita","Skupina pre identitu, tradíciu a zvrchovanosť","Tapatybės, tradicijų ir suvereniteto frakcija","Identitātes, tradīciju un suverenitātes grupa","Grupp Identità, Tradizzjoni, Sovranità","Identity, Tradition and Sovereignty Group","Gruppen for Identitet, Tradition og Suverænitet","Fractie Identiteit, Traditie en Soevereiniteit","Gruppen Identitet, tradition och suveränitet","Klub zastupnika Identitet, tradicija i suverenitet","Skupina Identiteta, tradicija, suverenost","Grupa Tożsamość, Tradycja i Suwerenność","Fraktion Identität, Tradition, Souveränität","Grupul Identitate, Tradiție, Suveranitate","Gruppo Identità, Tradizione, Sovranità","Grupo Identidade, Tradição, Soberania","Grupo Identidad, Tradición, Soberanía","Groupe Identité, Tradition, Souveraineté","An Grúpa don Fhéiniúlacht, don Traidisiún agus don Cheannasacht","Ομάδα Ταυτότητα, Παράδοση, Κυριαρχία","Група Идентичност, Традиция, Суверенитет"
http://data.europarl.europa.eu/org/group/IND/DEM-1554,2004-07-19,2004-07-19,2009-07-12,97799,IND/DEM,Independence/Democracy Group,Függetlenség/Demokrácia Képviselőcsoport,Fraktsioon Iseseisvus/Demokraatia,Itsenäisyys/Demokratia -ryhmä,Skupina Nezávislost/Demokracie,Skupina Nezávislosť/Demokracia,Nepriklausomybės/Demokratijos frakcija,Neatkarības/Demokrātijas grupa,Grupp għall-Indipendenza/Demokrazija,Independence/Democracy Group,Gruppen for Selvstændighed/Demokrati,Fractie Onafhankelijkheid/Democratie,gruppen Självständighet/Demokrati,Klub zastupnika Neovisnost/demokracija,Skupina Neodvisnosti/Demokracije,Grupa Niepodległość/Demokracja,Fraktion Unabhängigkeit/Demokratie,Grupul Independență și Democrație,Gruppo Indipendenza/Democrazia,Grupo Independência/Democracia,Grupo Independencia/Democracia,Groupe Indépendance/Démocratie,Grúpa an Neamhspleáchais/an Daonlathais,Ομάδα Ανεξαρτησία/Δημοκρατία,Група Независимост/Демокрация
http://data.europarl.europa.eu/org/group/CG-495,1989-07-19,1989-07-19,1994-07-17,985,CG,Left Unity,Baloldali Szövetség,Vasakpoolsete Ühendus,Yhtyneen vasemmiston ryhmä,Levá jednota,Zjednotená lavica,Kairiuju vienybe,Kreiso apvieniba,Ghaqda tax-Xellug,Left Unity,Venstrefløjs-Koalitionsgruppen,Linkse Coalitie,Enad vänster,Koalicija ljevice,Združena levica,Unia Lewicowa,Koalition der Linken,Coaliția de Stânga,Coalizione delle Sinistre,Coligação de Esquerda,Coalición de Izquierda,Coalition des Gauches,Aontacht Chlé,Συνασπισμός της Αριστεράς,Коалиция на левите
http://data.europarl.europa.eu/org/group/L-498,1953-06-19,1953-06-19,1979-07-15,976,L,Liberal and Democratic Group,Liberálisok és Demokraták Csoportja,Liberaalide ja demokraatide fraktsioon,Liberal and Democratic Group,Skupina liberálů a demokratů,Skupina liberálov a demokratov,Liberalu ir demokratu grupe,Liberalu un demokratu grupa,Grupp Liberali u Demokratiku,Liberal and Democratic Group,Den liberale og demokratiske Gruppe,Liberale en Democratische Fractie,Liberala och demokratiska gruppen,Klub zastupnika liberala i demokrata,Liberalno-demokratska skupina,Grupa Liberalna i Demokratyczna,Liberale und Demokratische Fraktion,Grupul Liberal și Democrat,Gruppo liberale e democratico,Grupo Liberal e Democrático,Grupo Democrático y Liberal,Groupe libéral et démocratique," An Grúpa Liobrálach, Daonlathach  ",Ομάδα των Ευρωπαίων Δημοκρατών,Група на либералите и демократите
http://data.europarl.europa.eu/org/group/L-1229,1979-07-16,1979-07-16,1985-12-11,969,L,Liberal and Democratic Group,Liberálisok és Demokraták Csoportja,Liberaalide ja demokraatide fraktsioon,Liberal and Democratic Group,Skupina liberálů a demokratů,Skupina liberálov a demokratov,Liberalu ir demokratu grupe,Liberalu un demokratu grupa,Grupp Liberali u Demokratiku,Liberal and Democratic Group,Den liberale og demokratiske Gruppe,Liberale en Democratische Fractie,Liberala och demokratiska gruppen,Klub zastupnika liberala i demokrata,Liberalno-demokratska skupina,Grupa Liberalna i Demokratyczna,Liberale und Demokratische Fraktion,Grupul Liberal și Democrat,Gruppo liberale e democratico,Grupo Liberal e Democrático,Grupo Democrático y Liberal,Groupe libéral et démocratique," An Grúpa Liobrálach, Daonlathach  ",Φιλελεύθερη και Δημοκρατική Ομάδα,Група на либералите и демократите
http://data.europarl.europa.eu/org/group/LDR-488,1985-12-12,1985-12-12,1994-07-17,954,LDR,Liberal and Democratic Reformist Group,Liberális és Demokrata Reformisták Csoportja,Liberaalide ja demokraatlike reformistide partei fraktsioon,Liberaali- ja demokraattipuolueen ryhmä,Skupina liberálů a demokratických reformistů,Skupina liberálov a demokratických reformistov,Liberalu ir demokratu reformistu grupe,Liberalu un demokratisko reformistu grupa,Grupp Liberali u Riformisti Demokratici,Liberal and Democratic Reformist Group,Den Liberale og Demokratiske Gruppe,Liberale en Democratische Fractie,Liberala och demokratiska reformistgruppen,Klub zastupnika liberala i demokratskih reformista,Skupina liberalcev in demokratskih reformistov,"Grupa Liberalna, Demokratyczna i Reformatorska",Liberale und Demokratische Fraktion,"Grupul Liberal, Democrat și Reformator",Gruppo liberale e democratico riformatore,"Grupo Liberal, Democrático e Reformista","Grupo Liberal, Democrático y Reformista","Groupe libéral, démocratique et réformateur"," An Grúpa Liobrálach, Daonlathach agus Leasaitheach ","Φιλελεύθερη, Δημοκρατική και Μεταρρυθμιστική Ομάδα","Група на либералите, демократите и реформаторите"
http://data.europarl.europa.eu/org/group/NI-505,1953-06-22,1953-06-22,1979-07-15,1004,NI,Non-attached,Párton kívüli,“Mitte-ühinenud”,Sitoutumattomat,Nezařazení,Bez príslušnosti,Neprisijungusieji,Nepiesaistiti,Mhux marbuta,Non-attached,Unden for grupperne,Niet-Ingeschrevenen,Grupplösa,Nezavisni zastupnici,Neuvrščeni,Niezwiazany,Fraktionslos,Deputați neafiliați,Non iscritti,Não-inscritos,No inscritos,Non inscrits,Feisirí neamhcheangailte,Μη Εγγεγραμμένοι,Независими
http://data.europarl.europa.eu/org/group/NI-492,1979-07-16,1979-07-16,2004-07-18,1044,NI,Non-attached,független képviselők,fraktsioonilise kuuluvuseta parlamendiliikmed,Sitoutumattomat,Nezařazení poslanci,nezaradení poslanci,Nepriklausomi Parlamento nariai,Neatkarīgie deputāti,Membri mhux marbuta,Non-attached,Løsgængere,Niet-ingeschrevenen,Grupplösa,Nezavisni zastupnici,Samostojni poslanci,Niezrzeszeni,Fraktionslos,Deputați neafiliați,Non iscritti,Não-inscritos,No inscritos,Non-inscrits,Feisirí neamhcheangailte,Μη Εγγεγραμμένοι,Независими
http://data.europarl.europa.eu/org/group/NI-1541,2004-07-19,2004-07-19,2009-07-12,99999,NI,Non-attached Members,Független képviselők,Fraktsioonilise kuuluvuseta parlamendiliikmed,Sitoutumattomat,Nezařazení poslanci,nezávislí poslanci,Nepriklausomi nariai,Pie politiskajām grupām nepiederošie deputāti,Membri mhux affiljati,Non-attached Members,Løsgængere,Niet-ingeschrevenen,Grupplösa,Nezavisni zastupnici,Samostojni poslanci,Niezrzeszeni,Fraktionslos,Deputați neafiliați,Non iscritti,Não-inscritos,No inscritos,Non-inscrits,Feisirí neamhcheangailte,Μη Εγγεγραμμένοι,Независими членове
http://data.europarl.europa.eu/org/group/NI-2978,2009-07-13,2009-07-13,2014-06-29,99999,NI,Non-attached Members,Független képviselők,Fraktsioonilise kuuluvuseta parlamendiliikmed,Sitoutumattomat,Nezařazení poslanci,Nezaradení poslanci,Nepriklausomi nariai,Pie politiskajām grupām nepiederošie deputāti,Membri mhux affiljati,Non-attached Members,Løsgængere,Niet-fractiegebonden leden,Grupplösa,Nezavisni zastupnici,Samostojni poslanci,Niezrzeszeni,Fraktionslos,Deputați neafiliați,Non iscritti,Não-inscritos,No inscritos,Non-inscrits,Feisirí neamhcheangailte,Μη Εγγεγραμμένοι,Независими членове
http://data.europarl.europa.eu/org/group/NI-3968,2014-06-30,2014-06-30,2019-06-30,99999,NI,Non-attached Members,független képviselők,Fraktsioonilise kuuluvuseta parlamendiliikmed,Sitoutumattomat,Nezařazení poslanci,Nezaradení poslanci,Nepriklausomi nariai,Pie politiskajām grupām nepiederošie deputāti,Membri mhux affiljati,Non-attached Members,Løsgængere,Niet-fractiegebonden leden,Grupplösa,Nezavisni zastupnici,Samostojni poslanci,Niezrzeszeni,Fraktionslos,Deputați neafiliați,Non iscritti,Não Inscritos,No inscritos,Non-inscrits,Feisirí Neamhcheangailte,Μη Εγγεγραμμένοι,Независими членове
http://data.europarl.europa.eu/org/group/NI-5152,2019-07-01,2019-07-01,2099-12-30,99999,NI,Non-attached Members,független képviselők,Fraktsioonilise kuuluvuseta parlamendiliikmed,Sitoutumattomat,Nezařazení poslanci,Nezaradení poslanci,Nepriklausomi nariai,Pie politiskajām grupām nepiederošie deputāti,Membri mhux affiljati,Non-attached Members,Løsgængere,Niet-fractiegebonden leden,Grupplösa,Nezavisni zastupnici,Samostojni poslanci,Niezrzeszeni,Fraktionslos,Deputați neafiliați,Non iscritti,Não Inscritos,No inscritos,Non-inscrits,Feisirí Neamhcheangailte,Μη Εγγεγραμμένοι,Независими членове
http://data.europarl.europa.eu/org/group/ARC-490,1989-07-24,1989-07-24,1994-07-17,986,ARC,Rainbow Group in the European Parliament,Szivárvány Csoport az Európai Parlamentben,“Rainbow” fraktsioon Euroopa Parlamendis,Euroopan parlamentin sateenkaariryhmä,Skupina Duha v Evropském parlamentu,Skupina  Rainbow (Dúha) v Európskom parlamente,„Vaivorykštes” grupe Europos Parlamente,Varaviksnes grupa Eiropas Parlamenta,Grupp Qawsalla fil-Parlament Ewropew,Rainbow Group in the European Parliament,Regnbuegruppen i Europa-Parlamentet,Regenboogfractie in het Europees Parlement,Regnbågsgruppen i Europaparlamentet,Klub zastupnika Duga u Europskom parlamentu,Skupina Mavrica v Evropskem parlamentu,Grupa Tecza w Parlamencie Europejskim,Regenbogen-Fraktion im Europäischen Parlament,Grupul „Arc-en-Ciel” din  Parlamentul European,Gruppo Arcobaleno del Parlamento Europeo,Grupo Arco-Íris ao Parlamento Europeu,Grupo Arco Iris del Parlamento Europeo,Groupe Arc-en-Ciel au Parlement Européen,An Grúpa Bogha Ceatha i bParlaimint na hEorpa ,Ομάδα Ουράνιου Τόξου στο Ευρωπαϊκό Κοινοβούλιο,Група Дъга в Европейския парламент
http://data.europarl.europa.eu/org/group/ARC-506,1984-07-23,1984-07-23,1989-07-23,980,ARC,"Rainbow Group: Federation of the Green-Alternative European Links, Agelev-Ecolo, the Danish People's Movement against Membership of the European Community and the European Free Alliance in the European Parliament","Szivárvány (Rainbow) Csoport: Az Európai Baloldai Zöld Alternatívok szövetsége, az Agelev-Ecolo és Dán Népi Mozgalom az Európai Uniós tagság ellen","“Rainbow fraktsioon”: Roheliste ja alternatiivsete Euroopa vasakpoolsete liit, Agelev-Ecolo, Taani rahvaliikumine Euroopa Ühenduse liikmelisuse vastu","Sateenkaariryhmä: Euroopan vaihtoehtoisten vihreiden, Agalevin ja Ecolon","Skupina Duha: Federace zelených alternativních evropských spojení, Agelev-Ecolo, Dánské lidové hnutí proti členství v Evropském společenství","Skupina Rainbow: Federácia Zelenej alternatívnej európskej lavice, Agelev-Ecolo, Dánskeho ludového hnutia proti clenstvu v Európskom spolocenstve","„Vaivorykštes” grupes: Žaliuju alternatyviu Europos ryšiu federacija, Agelev-Ecolo, Danijos liaudies judejimas prieš Europos Bendrijos naryste","Varaviksnes grupa: Zalo alternativo Eiropas grupu, Agelev-Ecolo, Danijas Tautas kustibas pret lidzdalibu Eiropas Kopiena federacija","Grupp tal-Qawsalla: Federazzjoni tar-Rabtiet Ewropej Alternattiva Hodor, Agelev-Ecolo, l-Moviment tal-Poplu Daniz kontra s-Shubija fil-Komunita’ Ewropea","Rainbow Group: Federation of the Green-Alternative European Links, Agelev-Ecolo, the Danish People's Movement against Membership of the European Community and the European Free Alliance in the European Parliament","Regnbuegruppen: Sammenslutning af: Den Grønne-Alternative Europæiske sammenslutning, Agalev-Ecolo, Folkebevægelsen mod EF og Den Europæiske Frie Alliance","Regenboogfractie: Federatie van Groen Alternatieve Europese Alliante, Agalev en Ecolo, Deense Volksbeweging tegen het lidmaatschap van de Europese Gemeenschap en de Europese Vrije Alliantie, binnen het Europese Parlement","Regnbågsgruppen: Sammanslutningen av Gröna alternativa europeiska länkar, Agelev-Ecolo, Danska folkrörelsen mot medlemskap i Europeiska gemenskapen Regnbågsgruppen i Europaparlamentet","Klub zastupnika Duga: Federacija Saveza zelenih i europske alternative, Agelev-Ecola, Danskog pučkog pokreta protiv članstva u Europskoj zajednici i Europskog slobodnog saveza u Europskom parlamentu","Skupina Mavrica: Federacija zelenih alternativnih evropskih povezav, Agelev-Ecolo, dansko ljudsko gibanje proti članstvu v Evropski skupnosti","Grupa Tecza: Federacja Europejskiej Lewicy Zielonej Alternatywy, Agelev-Ecolo, Dunskiego Ludowego Ruchu Przeciwko Czlonkostwu we Wspólnocie Europejskiej","Regenbogen-Fraktion: Föderation von: Grün-Alternatives europäisches Bündnis, Agalev-Ecolo, Dänische Volksbewegung gegen die Mitgliedschaft der Europäischen Gemeinschaft, Europäische Freie Allianz im Europäischen Parlament","Grupul„Arc-en-ciel”: Federația Alianța Verzi-Alternativa Europeană, Agalev-Ecolo, Mișcarea Populară daneză împotriva apartenenței la Comunitatea Europeană și Alianța Liberă europeană din Parlamentul European","Gruppo ""Arcobaleno"": Federazione delle Alleanze verde-Alternativa europea, d'Agalev-Ecolo, del Movimento popolare danese contro l'appartenenza alla Comunità europea, e dell'Alleanza libera europea al Parlamento europeo","Grupo Arco-íris: Federação da Aliança Alternativa-Verde Europeia, de Agalev-Ecolo, do Movimento Popular Dinamarquês contra a Integração na Comunidade Europeia e da Aliança Livre Europeia no Parlamento Europeu","Grupo Arco Iris: Federación de la Alianza Alternativa-Verde Europea, del Agalev-Ecolo, del Movimiento Popular Danés contra la Pertenencia a la Comunidad Europea y de la Alianza Libre Europa en el seno del Parlamento Europeo","Groupe arc-en-ciel: Fédération de l'Alliance verte-Alternative européenne, d'Agalev-Ecolo, du Mouvement poupulaire danois contre l'appartenence à la Communauté européenne, et de l'Alliance libre européenne au sein du Parlement européen","An Grúpa Bogha Ceatha, Cónaidhm na Nasc Eorpach Glas-Ailtéarnachta, Agelev-Ecolo, Gluaiseacht Phobal na Danmhairge i gcoinne comhaltais sa Chomhphobal Eorpach agus Grúpa na Saor-Chomhghuaillíochta Eorpaí i bParlaimint na hEorpa","Ομάδα ""Ουράνιο Τόξο"": Ομοσπονδία του Ευρωπαϊκού Συνασπισμού Πράσινων και Εναλλακτικών, του Agalev-Ecolo, του Λαΐκού Κινήματος Δανίας ενάντια στη Συμμετοχή στην Ευρωπαϊκή Κοινότητα, και της Ελεύθερης Ευρωπαϊκής Συμμαχίαςμ στα πλαίσια του Ευρωπαϊκού Κοινοβουλίου","Група Дъга: Федерация на Зеления алианс- Европейска алтернатива, Агалев-Еколо, Датското народно движение срещу членство в Европейската общност и Европейски свободен алианс в Европейския парламент"
http://data.europarl.europa.eu/org/group/Renew-5704,2019-07-01,2019-07-01,2099-12-30,90199,Renew,Renew Europe Group,Renew Europe képviselőcsoport,Uueneva Euroopa fraktsioon,Uudistuva Eurooppa - ryhmä,skupina Renew Europe,skupina Renew Europe,Frakcija „Renew Europe“,“Renew Europe”,Grupp Renew Europe,Renew Europe Group,Gruppen Renew Europe,Fractie Renew Europe,Renew Europe Group,Klub zastupnika Renew Europe,skupina Renew Europe,Grupa Renew Europe,Fraktion Renew Europe,Grupul Renew Europe,Gruppo Renew Europe,Grupo Renew Europe,Grupo Renew Europe,Groupe Renew Europe,Grúpa Renew Europe,Ομάδα Renew Europe,група „Renew Europe“
http://data.europarl.europa.eu/org/group/S-496,1953-06-22,1953-06-22,1979-07-15,934,S,Socialist Group,Szocialista Csoport,Sotsialistide fraktsioon,Sosiaalidemokraattisen puolueen ryhmä,Socialistická skupina,Skupina socialistov,Socialistu grupe,Socialistu grupa,Grupp Socjalista,Socialist Group,Den socialistiske gruppe,Socialistische Fractie,Socialistgruppen,Klub zastupnika socijalista,Skupina socialistov,Grupa Socjalistów,Sozialistische Fraktion,Grupul Socialist,Gruppo socialista,Grupo Socialista,Grupo Socialista,Groupe socialiste,An Grúpa Sóisialach,Σoσιαλιστική Ομάδα,Група на социалистите
http://data.europarl.europa.eu/org/group/S-485,1979-07-16,1979-07-16,1993-04-19,797,S,Socialist Group,Szocialista Csoport,Sotsialistide fraktsioon,Sosiaalidemokraattisen puolueen ryhmä,Skupina socialistů,Skupina socialistov,Socialistu grupe,Socialistu grupa,Grupp Socjalista,Socialist Group,Den Socialistiske Gruppe,Socialistische Fractie,Socialistgruppen,Klub zastupnika socijalista,Skupina socialistov,Grupa Socjalistów,Sozialistische Fraktion,Grupul Socialist,Gruppo socialista,Grupo Socialista,Grupo Socialista,Groupe socialiste,An Grúpa Sóisialach,Σοσιαλιστική Ομάδα,Група на социалистите
http://data.europarl.europa.eu/org/group/PSE-1534,2004-07-19,2004-07-19,2009-07-12,78699,PSE,Socialist Group in the European Parliament,az Európai Parlament Szocialista Képviselőcsoportja,Euroopa Parlamendi Sotsiaaldemokraatide fraktsioon,Euroopan parlamentin sosialidemokraattinen ryhmä,Skupina sociálních demokratů v Evropském parlamentu,Socialistická skupina v Európskom parlamente,Socialistų frakcija Europos Parlamente,Sociāldemokrātu grupa Eiropas Parlamentā,Grupp Soċjalista fil-Parlament Ewropew,Socialist Group in the European Parliament,De Europæiske Socialdemokraters Gruppe,Sociaal-democratische Fractie in het Europees Parlement,Socialdemokratiska gruppen i Europaparlamentet,Klub socijalista u Europskom parlamentu,Skupina socialdemokratov v Evropskem parlamentu,Grupa Socjalistyczna w Parlamencie Europejskim,Sozialdemokratische Fraktion im Europäischen Parlament,Grupul Socialist din Parlamentul European,Gruppo socialista al Parlamento europeo,Grupo Socialista no Parlamento Europeu,Grupo Socialista en el Parlamento Europeo,Groupe socialiste au Parlement européen,An Grúpa Sóisialach i bParlaimint na hEorpa,Σοσιαλιστική Ομάδα στο Ευρωπαϊκό Κοινοβούλιο,Група на социалистите в Европейския парламент
http://data.europarl.europa.eu/org/group/CTDI-504,1987-09-16,1987-09-16,1987-11-16,989,CTDI,Technical Coordination and Defence of Independent Groups and Members,Független Csoportok és Tagok Technikai Koordinációja és Védelme,Tehniline koordinatsioon ja sõltumatute fraktsioonide ja liikmete kaitse,Itsenäisten ryhmien ja jäsenten tekninen koordinaatioryhmä,Skupiny a členové technické koordinace a obhajoby nezávislých,Technická koordinácia a obrana nezávislých skupín a clenov,Techninis koordinavimas ir nepriklausomu grupiu ir nariu gynimas,Neatkarigo grupu un delegatu tehniska koordinacija un aizsardziba,Koordinazzjoni Teknika u Harsien ta’ Gruppi u Membri Indipendenti,Technical Coordination and Defence of Independent Groups and Members,Gruppen for Teknisk Koordinering of Forsvar af Uafhængige Grupper og Medlemmer,Fractie technische coördinatie en verdediging van onafhankelijke groepen en leden,Teknisk samordning och försvar av oberoende grupper och ledamöter,Tehnička koordinacija i obrana nezavisnih skupina i zastupnika,Tehnična koordinacija in obramba neodvisnih skupin in poslancev,Koordynacja techniczna i obrona niezaleznych grup oraz poslów,Fraktion für die technische Koordinierung und Verteidigung der unabhängigen Gruppen und Mitglieder,Grupul de coordonare tehnică și apărare a grupurilor politice și a deputaților neafiliați,Gruppo di coordinamento tecnico e di difesa dei gruppi e dei deputati indipendenti,Grupo de Coordenação Técnica e de Defesa dos Grupos e dos Deputados Independentes,Grupo de Coordinación Técnica y Defensa de los Grupos y Diputados Independientes,Groupe de coordination technique et de défense des groupes et des députés indépendants,Comhordú Teicniúil agus Cosaint Grúpaí agus Comhaltaí Neamhspleácha,Ομάδα Τεχνικού Συντονισμού και Προασπίσεως των Ανεξαρτήτων Ομάδων και Βουλευτών,Група за техническа координация и охрана на групите и независимите членове на Парламента
http://data.europarl.europa.eu/org/group/TDI-993,1999-07-19,1999-07-19,2001-10-01,982,TDI,Technical Group of Independent Members - mixed group,Független Tagok Technikai Csoportja – vegyes csoport,Sõltumatute liikmete tehniline fraktsioon - segafraktsioon,Riippumattomien jäsenten tekninen ryhmä (sekaryhmä),Technická skupina nezávislých poslanců – smíšená skupina,Technická skupina nezávislých clenov – zmiešaná skupina,Technine nepriklausomu nariu grupe – mišri grupe,Neatkarigo deputatu tehniska grupa – jaukta grupa,Grupp Tekniku ta’ Membri Indipendenti - grupp imhallat,Technical Group of Independent Members - mixed group,Den Tekniske Gruppe for Uafhængige Medlemmer - blandet gruppe,Technische Fractie van Onafhankelijke Leden - Gemengde Fractie,Tekniska gruppen för oberoende ledamöter - blandad grupp,Tehnički klub nezavisnih zastupnika – miješani klub zastupnika,Tehnična skupina neodvisnih poslancev – mešana skupina,Techniczna grupa niezaleznych poslów – grupa mieszana,Technische Fraktion der unabhängigen Abgeordneten - gemischte Fraktion,Grupul tehnic al deputaților neafiliați-grup mixt,Gruppo tecnico dei deputati indipendenti - Gruppo misto,Grupo Técnico dos Deputados Independentes - Grupo Misto,Grupo Técnico de Diputados Independientes - Grupo Mixto,Groupe technique des députés indépendants - groupe mixte,Grúpa Teicniúil Eite Feisirí Neamhspleácha - grúpa measctha,Ομάδα Τεχvικoύ Συvτovισμoύ τωv Αvεξαρτήτωv Βoυλευτώv - Μικτή Ομάδα,Техническа група на независимите членове на Парламента - смесена група
http://data.europarl.europa.eu/org/group/DR-491,1989-07-24,1989-07-24,1994-07-17,988,DR,Technical Group of the European Right,Az Európai Jobboldal Technikai Csoportja,Euroopa parempoolsete tehniline fraktsioon,Euroopan oikeistopuolueen tekninen ryhmä,Technická skupina Evropské pravice,Technická skupina Európskej pravice,Europos dešiniuju technine grupe,Eiropas Tiesibu tehniska grupa,Grupp Tekniku tal-Lemin Ewropew,Technical Group of the European Right,De Europæiske Højrepartiers Tekniske Gruppe,Technische Fractie Europees Rechts,Europeiska högerns tekniska grupp,Tehnički klub zastupnika europske desnice,Tehnična skupina evropske desnice,Grupa Techniczna Prawicy Europejskiej,Technische Fraktion der Europäischen Rechten,Grupul tehnic al liniilor europene,Gruppo tecnico delle destre europee,Grupo Técnico das Direitas Europeias,Grupo Técnico de Derechas Europeas,Groupe technique des droites européennes,Grúpa Teicniúil Eite Dheis na hEorpa,Ομάδα Τεχνικού Συντονισμού των Κομμάτων της Ευρωπαϊκής Δεξιάς,Техническа група на европейската десница
http://data.europarl.europa.eu/org/group/V-493,1989-07-18,1989-07-18,1999-07-18,973,V,The Green Group in the European Parliament,Zöldek az Európai Parlamentben,Roheliste fraktsioon Euroopa Parlamendis,Euroopan parlamentin vihreä ryhmä,Zelená skupina v Evropském parlamentu,Skupina zelených v Európskom parlamente,Žaliuju grupe Europos Parlamente,Zalie Eiropas Parlamenta,Il-Grupp tal-Hodor fil-Parlament Ewropew,The Green Group in the European Parliament,Gruppen De Grønne i Europa-Parlamentet,Fractie De Groenen in het Europees Parlement,Gruppen De gröna i Europaparlamentet,Klub zastupnika zelenih u Europskom parlamentu,Skupina Zelenih v Evropskem parlamentu,Grupa Zielonych w Parlamencie Europejskim,Fraktion DIE GRÜNEN im Europäischen Parlament,Grupul Verzilor din Parlamentul European,Gruppo Verde al Parlamento europeo,Grupo dos Verdes no Parlamento Europeu,Grupo de los Verdes en el Parlamento Europeo,Groupe des Verts au Parlement européen,An Grúpa Glas i bParlaimint na hEorpa,Ομάδα των Πρασίνων στο Ευρωπαϊκό Κοινοβούλιο,Група на Зелените в Европейския парламент
http://data.europarl.europa.eu/org/group/UEN-990,1999-07-19,1999-07-19,2004-07-18,970,UEN,Union for Europe of the Nations Group,az Unió a Nemzetek Európájáért képviselőcsoportja,fraktsioon Liit Rahvusriikide Euroopa eest,Unioni kansakuntien Euroopan puolesta -ryhmä,Skupina Unie pro Evropu národů,Skupina Únie za Európu národov,Sąjungos už tautų Europą frakcija,Nāciju Eiropas grupa,Grupp ta' l-Unjoni għal Ewropa tan-Nazzjonijiet,Union for Europe of the Nations Group,Gruppen Union for Nationernes Europa,Fractie Unie voor een Europa van Nationale Staten,Gruppen Unionen för nationernas Europa,Klub zastupnika Unija za Europu naroda,Skupina združenje za Evropo narodov,Grupa Unii na rzecz Europy Narodów,Fraktion Union für das Europa der Nationen,Grupul Uniunea pentru Europa națiunilor,"Gruppo ""Unione per l'Europa delle nazioni""",Grupo União para a Europa das Nações,Grupo Unión por la Europa de las Naciones,Groupe Union pour l'Europe des nations,An Grúpa d'Aontas d'Eoraip na Náisiún,Ομάδα ΄Εvωση για τηv Ευρώπη τωv Εθvώv,Група на Съюза за Европа на нациите
http://data.europarl.europa.eu/org/group/UEN-1539,2004-07-19,2004-07-19,2009-07-12,95599,UEN,Union for Europe of the Nations Group,a Nemzetek Európájáért Unió Képviselőcsoportja,Fraktsioon Liit Rahvusriikide Euroopa eest,Unioni kansakuntien Euroopan puolesta -ryhmä,Skupina Unie pro Evropu národů,Skupina Únie za Európu národov,Sąjungos už tautų Europą frakcija,Nāciju Eiropas grupa,Grupp ta' l-Unjoni għal Ewropa tan-Nazzjonijiet,Union for Europe of the Nations Group,Gruppen Union for Nationernes Europa,Fractie Unie voor een Europa van Nationale Staten,Gruppen Unionen för nationernas Europa,Klub zastupnika Unija za Europu naroda,Skupina združenje za Evropo narodov,Grupa Unii na rzecz Europy Narodów,Fraktion Union für das Europa der Nationen,Grupul Uniunea pentru Europa Națiunilor,"Gruppo ""Unione per l'Europa delle nazioni""",Grupo União para a Europa das Nações,Grupo Unión por la Europa de las Naciones,Groupe Union pour l'Europe des Nations,An Grúpa d'Aontas d'Eoraip na Náisiún,Ομάδα Έvωση για τηv Ευρώπη τωv Εθvώv,Група на Съюза за Европа на нациите
