?politicalGroup	?rapporteur	?procedure
<http://data.europarl.europa.eu/resource/org/Verts%2FALE-4285>	<http://data.europarl.europa.eu/resource/person/124816>	<http://data.europarl.europa.eu/resource/eli/dl/proc/2018/0328/cod>
<http://data.europarl.europa.eu/resource/org/Verts%2FALE-4285>	<http://data.europarl.europa.eu/resource/person/124818>	<http://data.europarl.europa.eu/resource/eli/dl/proc/2018/0435/cod>
<http://data.europarl.europa.eu/resource/org/Verts%2FALE-4285>	<http://data.europarl.europa.eu/resource/person/191695>	<http://data.europarl.europa.eu/resource/eli/dl/proc/2019/0056/nle>
<http://data.europarl.europa.eu/resource/org/Verts%2FALE-4285>	<http://data.europarl.europa.eu/resource/person/2054>	<http://data.europarl.europa.eu/resource/eli/dl/proc/2018/0272/nle>
<http://data.europarl.europa.eu/resource/org/Verts%2FALE-4285>	<http://data.europarl.europa.eu/resource/person/2054>	<http://data.europarl.europa.eu/resource/eli/dl/proc/2018/0272M/nle>
<http://data.europarl.europa.eu/resource/org/Verts%2FALE-4285>	<http://data.europarl.europa.eu/resource/person/96868>	<http://data.europarl.europa.eu/resource/eli/dl/proc/2018/0130/cod>
<http://data.europarl.europa.eu/resource/org/Verts%2FALE-4285>	<http://data.europarl.europa.eu/resource/person/96868>	<http://data.europarl.europa.eu/resource/eli/dl/proc/2018/0282/nle>
<http://data.europarl.europa.eu/resource/org/Verts%2FALE-4285>	<http://data.europarl.europa.eu/resource/person/96868>	<http://data.europarl.europa.eu/resource/eli/dl/proc/2018/0299/cod>
<http://data.europarl.europa.eu/resource/org/Verts%2FALE-4285>	<http://data.europarl.europa.eu/resource/person/97136>	<http://data.europarl.europa.eu/resource/eli/dl/proc/2019/0802/nle>
<http://data.europarl.europa.eu/resource/org/Verts%2FALE-4285>	<http://data.europarl.europa.eu/resource/person/97136>	<http://data.europarl.europa.eu/resource/eli/dl/proc/2019/0803/nle>
<http://data.europarl.europa.eu/resource/org/S%26D-5154>	<http://data.europarl.europa.eu/resource/person/125109>	<http://data.europarl.europa.eu/resource/eli/dl/proc/2019/2137/bud>
<http://data.europarl.europa.eu/resource/org/S%26D-5154>	<http://data.europarl.europa.eu/resource/person/188636>	<http://data.europarl.europa.eu/resource/eli/dl/proc/2019/2037/bud>
<http://data.europarl.europa.eu/resource/org/S%26D-5154>	<http://data.europarl.europa.eu/resource/person/188636>	<http://data.europarl.europa.eu/resource/eli/dl/proc/2019/2039/bud>
<http://data.europarl.europa.eu/resource/org/S%26D-5154>	<http://data.europarl.europa.eu/resource/person/1909>	<http://data.europarl.europa.eu/resource/eli/dl/proc/2019/0142/nle>
<http://data.europarl.europa.eu/resource/org/S%26D-5154>	<http://data.europarl.europa.eu/resource/person/1909>	<http://data.europarl.europa.eu/resource/eli/dl/proc/2019/0142M/nle>
<http://data.europarl.europa.eu/resource/org/S%26D-5154>	<http://data.europarl.europa.eu/resource/person/197584>	<http://data.europarl.europa.eu/resource/eli/dl/proc/2019/0812/nle>
<http://data.europarl.europa.eu/resource/org/S%26D-5154>	<http://data.europarl.europa.eu/resource/person/197591>	<http://data.europarl.europa.eu/resource/eli/dl/proc/2019/0817/nle>
<http://data.europarl.europa.eu/resource/org/S%26D-5154>	<http://data.europarl.europa.eu/resource/person/197591>	<http://data.europarl.europa.eu/resource/eli/dl/proc/2019/0818/nle>
<http://data.europarl.europa.eu/resource/org/S%26D-5154>	<http://data.europarl.europa.eu/resource/person/197742>	<http://data.europarl.europa.eu/resource/eli/dl/proc/2019/0814/nle>
<http://data.europarl.europa.eu/resource/org/S%26D-5154>	<http://data.europarl.europa.eu/resource/person/96681>	<http://data.europarl.europa.eu/resource/eli/dl/proc/2019/0180/cod>
<http://data.europarl.europa.eu/resource/org/S%26D-5154>	<http://data.europarl.europa.eu/resource/person/96812>	<http://data.europarl.europa.eu/resource/eli/dl/proc/2019/0807/cns>
<http://data.europarl.europa.eu/resource/org/S%26D-5154>	<http://data.europarl.europa.eu/resource/person/96892>	<http://data.europarl.europa.eu/resource/eli/dl/proc/2019/0810/nle>
<http://data.europarl.europa.eu/resource/org/S%26D-5154>	<http://data.europarl.europa.eu/resource/person/96892>	<http://data.europarl.europa.eu/resource/eli/dl/proc/2019/0903/nle>
<http://data.europarl.europa.eu/resource/org/S%26D-4284>	<http://data.europarl.europa.eu/resource/person/103845>	<http://data.europarl.europa.eu/resource/eli/dl/proc/2018/0189/cod>
<http://data.europarl.europa.eu/resource/org/S%26D-4284>	<http://data.europarl.europa.eu/resource/person/103845>	<http://data.europarl.europa.eu/resource/eli/dl/proc/2018/0214/nle>
<http://data.europarl.europa.eu/resource/org/S%26D-4284>	<http://data.europarl.europa.eu/resource/person/103845>	<http://data.europarl.europa.eu/resource/eli/dl/proc/2018/2109/ini>
<http://data.europarl.europa.eu/resource/org/S%26D-4284>	<http://data.europarl.europa.eu/resource/person/124699>	<http://data.europarl.europa.eu/resource/eli/dl/proc/2018/0385/cod>
<http://data.europarl.europa.eu/resource/org/S%26D-4284>	<http://data.europarl.europa.eu/resource/person/124741>	<http://data.europarl.europa.eu/resource/eli/dl/proc/2018/0304/cod>
<http://data.europarl.europa.eu/resource/org/S%26D-4284>	<http://data.europarl.europa.eu/resource/person/124790>	<http://data.europarl.europa.eu/resource/eli/dl/proc/2018/2262/ini>
<http://data.europarl.europa.eu/resource/org/S%26D-4284>	<http://data.europarl.europa.eu/resource/person/124801>	<http://data.europarl.europa.eu/resource/eli/dl/proc/2018/0153/cod>
<http://data.europarl.europa.eu/resource/org/S%26D-4284>	<http://data.europarl.europa.eu/resource/person/124803>	<http://data.europarl.europa.eu/resource/eli/dl/proc/2018/0298/cod>
<http://data.europarl.europa.eu/resource/org/S%26D-4284>	<http://data.europarl.europa.eu/resource/person/124803>	<http://data.europarl.europa.eu/resource/eli/dl/proc/2018/0436/cod>
<http://data.europarl.europa.eu/resource/org/S%26D-4284>	<http://data.europarl.europa.eu/resource/person/124814>	<http://data.europarl.europa.eu/resource/eli/dl/proc/2018/0169/cod>
<http://data.europarl.europa.eu/resource/org/S%26D-4284>	<http://data.europarl.europa.eu/resource/person/124821>	<http://data.europarl.europa.eu/resource/eli/dl/proc/2018/0231/cod>
<http://data.europarl.europa.eu/resource/org/S%26D-4284>	<http://data.europarl.europa.eu/resource/person/124852>	<http://data.europarl.europa.eu/resource/eli/dl/proc/2018/0390/cod>
<http://data.europarl.europa.eu/resource/org/S%26D-4284>	<http://data.europarl.europa.eu/resource/person/124867>	<http://data.europarl.europa.eu/resource/eli/dl/proc/2018/2160/ini>
<http://data.europarl.europa.eu/resource/org/S%26D-4284>	<http://data.europarl.europa.eu/resource/person/124970>	<http://data.europarl.europa.eu/resource/eli/dl/proc/2018/0248/cod>
<http://data.europarl.europa.eu/resource/org/S%26D-4284>	<http://data.europarl.europa.eu/resource/person/124991>	<http://data.europarl.europa.eu/resource/eli/dl/proc/2017/2284/ini>
<http://data.europarl.europa.eu/resource/org/S%26D-4284>	<http://data.europarl.europa.eu/resource/person/124997>	<http://data.europarl.europa.eu/resource/eli/dl/proc/2018/2159/ini>
<http://data.europarl.europa.eu/resource/org/S%26D-4284>	<http://data.europarl.europa.eu/resource/person/125020>	<http://data.europarl.europa.eu/resource/eli/dl/proc/2019/0096/cns>
<http://data.europarl.europa.eu/resource/org/S%26D-4284>	<http://data.europarl.europa.eu/resource/person/125043>	<http://data.europarl.europa.eu/resource/eli/dl/proc/2017/0319/nle>
<http://data.europarl.europa.eu/resource/org/S%26D-4284>	<http://data.europarl.europa.eu/resource/person/125045>	<http://data.europarl.europa.eu/resource/eli/dl/proc/2018/0050/cod>
<http://data.europarl.europa.eu/resource/org/S%26D-4284>	<http://data.europarl.europa.eu/resource/person/125046>	<http://data.europarl.europa.eu/resource/eli/dl/proc/2018/0171/cod>
<http://data.europarl.europa.eu/resource/org/S%26D-4284>	<http://data.europarl.europa.eu/resource/person/1403>	<http://data.europarl.europa.eu/resource/eli/dl/proc/2018/0093/nle>
<http://data.europarl.europa.eu/resource/org/S%26D-4284>	<http://data.europarl.europa.eu/resource/person/1403>	<http://data.europarl.europa.eu/resource/eli/dl/proc/2018/0093M/nle>
<http://data.europarl.europa.eu/resource/org/S%26D-4284>	<http://data.europarl.europa.eu/resource/person/1403>	<http://data.europarl.europa.eu/resource/eli/dl/proc/2018/0095/nle>
<http://data.europarl.europa.eu/resource/org/S%26D-4284>	<http://data.europarl.europa.eu/resource/person/1403>	<http://data.europarl.europa.eu/resource/eli/dl/proc/2018/0095M/nle>
<http://data.europarl.europa.eu/resource/org/S%26D-4284>	<http://data.europarl.europa.eu/resource/person/1849>	<http://data.europarl.europa.eu/resource/eli/dl/proc/2018/0116/nle>
<http://data.europarl.europa.eu/resource/org/S%26D-4284>	<http://data.europarl.europa.eu/resource/person/1849>	<http://data.europarl.europa.eu/resource/eli/dl/proc/2018/0813/cns>
<http://data.europarl.europa.eu/resource/org/S%26D-4284>	<http://data.europarl.europa.eu/resource/person/186884>	<http://data.europarl.europa.eu/resource/eli/dl/proc/2018/2169/dec>
<http://data.europarl.europa.eu/resource/org/S%26D-4284>	<http://data.europarl.europa.eu/resource/person/186884>	<http://data.europarl.europa.eu/resource/eli/dl/proc/2018/2171/dec>
<http://data.europarl.europa.eu/resource/org/S%26D-4284>	<http://data.europarl.europa.eu/resource/person/186884>	<http://data.europarl.europa.eu/resource/eli/dl/proc/2018/2172/dec>
<http://data.europarl.europa.eu/resource/org/S%26D-4284>	<http://data.europarl.europa.eu/resource/person/186884>	<http://data.europarl.europa.eu/resource/eli/dl/proc/2018/2173/dec>
<http://data.europarl.europa.eu/resource/org/S%26D-4284>	<http://data.europarl.europa.eu/resource/person/186884>	<http://data.europarl.europa.eu/resource/eli/dl/proc/2018/2174/dec>
<http://data.europarl.europa.eu/resource/org/S%26D-4284>	<http://data.europarl.europa.eu/resource/person/186884>	<http://data.europarl.europa.eu/resource/eli/dl/proc/2018/2175/dec>
<http://data.europarl.europa.eu/resource/org/S%26D-4284>	<http://data.europarl.europa.eu/resource/person/186884>	<http://data.europarl.europa.eu/resource/eli/dl/proc/2018/2176/dec>
<http://data.europarl.europa.eu/resource/org/S%26D-4284>	<http://data.europarl.europa.eu/resource/person/188636>	<http://data.europarl.europa.eu/resource/eli/dl/proc/2019/2021/bud>
<http://data.europarl.europa.eu/resource/org/S%26D-4284>	<http://data.europarl.europa.eu/resource/person/188636>	<http://data.europarl.europa.eu/resource/eli/dl/proc/2019/2022/bud>
<http://data.europarl.europa.eu/resource/org/S%26D-4284>	<http://data.europarl.europa.eu/resource/person/188636>	<http://data.europarl.europa.eu/resource/eli/dl/proc/2019/2024/bud>
<http://data.europarl.europa.eu/resource/org/S%26D-4284>	<http://data.europarl.europa.eu/resource/person/1909>	<http://data.europarl.europa.eu/resource/eli/dl/proc/2019/0099/nle>
<http://data.europarl.europa.eu/resource/org/S%26D-4284>	<http://data.europarl.europa.eu/resource/person/28192>	<http://data.europarl.europa.eu/resource/eli/dl/proc/2019/2003/bud>
<http://data.europarl.europa.eu/resource/org/S%26D-4284>	<http://data.europarl.europa.eu/resource/person/28292>	<http://data.europarl.europa.eu/resource/eli/dl/proc/2018/2166/dec>
<http://data.europarl.europa.eu/resource/org/S%26D-4284>	<http://data.europarl.europa.eu/resource/person/28292>	<http://data.europarl.europa.eu/resource/eli/dl/proc/2018/2219/dec>
<http://data.europarl.europa.eu/resource/org/S%26D-4284>	<http://data.europarl.europa.eu/resource/person/28307>	<http://data.europarl.europa.eu/resource/eli/dl/proc/2014/0327/nle>
<http://data.europarl.europa.eu/resource/org/S%26D-4284>	<http://data.europarl.europa.eu/resource/person/28346>	<http://data.europarl.europa.eu/resource/eli/dl/proc/2018/2113/ini>
<http://data.europarl.europa.eu/resource/org/S%26D-4284>	<http://data.europarl.europa.eu/resource/person/28377>	<http://data.europarl.europa.eu/resource/eli/dl/proc/2018/0263/cod>
<http://data.europarl.europa.eu/resource/org/S%26D-4284>	<http://data.europarl.europa.eu/resource/person/37229>	<http://data.europarl.europa.eu/resource/eli/dl/proc/2018/2150/ini>
<http://data.europarl.europa.eu/resource/org/S%26D-4284>	<http://data.europarl.europa.eu/resource/person/4519>	<http://data.europarl.europa.eu/resource/eli/dl/proc/2019/0805/cns>
<http://data.europarl.europa.eu/resource/org/S%26D-4284>	<http://data.europarl.europa.eu/resource/person/96672>	<http://data.europarl.europa.eu/resource/eli/dl/proc/2018/0332/cod>
<http://data.europarl.europa.eu/resource/org/S%26D-4284>	<http://data.europarl.europa.eu/resource/person/96812>	<http://data.europarl.europa.eu/resource/eli/dl/proc/2018/2246/ini>
<http://data.europarl.europa.eu/resource/org/S%26D-4284>	<http://data.europarl.europa.eu/resource/person/96812>	<http://data.europarl.europa.eu/resource/eli/dl/proc/2019/0806/cns>
<http://data.europarl.europa.eu/resource/org/S%26D-4284>	<http://data.europarl.europa.eu/resource/person/96880>	<http://data.europarl.europa.eu/resource/eli/dl/proc/2018/0197/cod>
<http://data.europarl.europa.eu/resource/org/S%26D-4284>	<http://data.europarl.europa.eu/resource/person/96892>	<http://data.europarl.europa.eu/resource/eli/dl/proc/2019/0801/nle>
<http://data.europarl.europa.eu/resource/org/S%26D-4284>	<http://data.europarl.europa.eu/resource/person/96892>	<http://data.europarl.europa.eu/resource/eli/dl/proc/2019/0901/nle>
<http://data.europarl.europa.eu/resource/org/S%26D-4284>	<http://data.europarl.europa.eu/resource/person/96892>	<http://data.europarl.europa.eu/resource/eli/dl/proc/2019/0902/nle>
<http://data.europarl.europa.eu/resource/org/S%26D-4284>	<http://data.europarl.europa.eu/resource/person/96911>	<http://data.europarl.europa.eu/resource/eli/dl/proc/2018/0249/cod>
<http://data.europarl.europa.eu/resource/org/S%26D-4284>	<http://data.europarl.europa.eu/resource/person/96915>	<http://data.europarl.europa.eu/resource/eli/dl/proc/2018/0204/cod>
<http://data.europarl.europa.eu/resource/org/S%26D-4284>	<http://data.europarl.europa.eu/resource/person/96917>	<http://data.europarl.europa.eu/resource/eli/dl/proc/2018/0190/cod>
<http://data.europarl.europa.eu/resource/org/S%26D-4284>	<http://data.europarl.europa.eu/resource/person/96998>	<http://data.europarl.europa.eu/resource/eli/dl/proc/2018/0114/cod>
<http://data.europarl.europa.eu/resource/org/S%26D-4284>	<http://data.europarl.europa.eu/resource/person/96998>	<http://data.europarl.europa.eu/resource/eli/dl/proc/2018/2277/imm>
<http://data.europarl.europa.eu/resource/org/Renew-5704>	<http://data.europarl.europa.eu/resource/person/124700>	<http://data.europarl.europa.eu/resource/eli/dl/proc/2019/2111/ini>
<http://data.europarl.europa.eu/resource/org/Renew-5704>	<http://data.europarl.europa.eu/resource/person/197463>	<http://data.europarl.europa.eu/resource/eli/dl/proc/2019/0815/nle>
<http://data.europarl.europa.eu/resource/org/Renew-5704>	<http://data.europarl.europa.eu/resource/person/4554>	<http://data.europarl.europa.eu/resource/eli/dl/proc/2019/0187/cod>
<http://data.europarl.europa.eu/resource/org/PPE-5153>	<http://data.europarl.europa.eu/resource/person/124713>	<http://data.europarl.europa.eu/resource/eli/dl/proc/2019/0811/nle>
<http://data.europarl.europa.eu/resource/org/PPE-5153>	<http://data.europarl.europa.eu/resource/person/124713>	<http://data.europarl.europa.eu/resource/eli/dl/proc/2019/0813/nle>
<http://data.europarl.europa.eu/resource/org/PPE-5153>	<http://data.europarl.europa.eu/resource/person/124806>	<http://data.europarl.europa.eu/resource/eli/dl/proc/2019/2136/ini>
<http://data.europarl.europa.eu/resource/org/PPE-5153>	<http://data.europarl.europa.eu/resource/person/124808>	<http://data.europarl.europa.eu/resource/eli/dl/proc/2019/0253/cod>
<http://data.europarl.europa.eu/resource/org/PPE-5153>	<http://data.europarl.europa.eu/resource/person/197402>	<http://data.europarl.europa.eu/resource/eli/dl/proc/2019/0162/cns>
<http://data.europarl.europa.eu/resource/org/PPE-5153>	<http://data.europarl.europa.eu/resource/person/197421>	<http://data.europarl.europa.eu/resource/eli/dl/proc/2019/2125/ini>
<http://data.europarl.europa.eu/resource/org/PPE-5153>	<http://data.europarl.europa.eu/resource/person/28617>	<http://data.europarl.europa.eu/resource/eli/dl/proc/2018/0006/cns>
<http://data.europarl.europa.eu/resource/org/PPE-5153>	<http://data.europarl.europa.eu/resource/person/96747>	<http://data.europarl.europa.eu/resource/eli/dl/proc/2019/2135/ini>
<http://data.europarl.europa.eu/resource/org/PPE-5153>	<http://data.europarl.europa.eu/resource/person/96772>	<http://data.europarl.europa.eu/resource/eli/dl/proc/2019/2134/ini>
<http://data.europarl.europa.eu/resource/org/PPE-5153>	<http://data.europarl.europa.eu/resource/person/96899>	<http://data.europarl.europa.eu/resource/eli/dl/proc/2019/2114/bud>
<http://data.europarl.europa.eu/resource/org/PPE-4273>	<http://data.europarl.europa.eu/resource/person/112611>	<http://data.europarl.europa.eu/resource/eli/dl/proc/2018/2178/dec>
<http://data.europarl.europa.eu/resource/org/PPE-4273>	<http://data.europarl.europa.eu/resource/person/112611>	<http://data.europarl.europa.eu/resource/eli/dl/proc/2018/2179/dec>
<http://data.europarl.europa.eu/resource/org/PPE-4273>	<http://data.europarl.europa.eu/resource/person/112611>	<http://data.europarl.europa.eu/resource/eli/dl/proc/2018/2180/dec>
<http://data.europarl.europa.eu/resource/org/PPE-4273>	<http://data.europarl.europa.eu/resource/person/112611>	<http://data.europarl.europa.eu/resource/eli/dl/proc/2018/2181/dec>
<http://data.europarl.europa.eu/resource/org/PPE-4273>	<http://data.europarl.europa.eu/resource/person/112611>	<http://data.europarl.europa.eu/resource/eli/dl/proc/2018/2182/dec>
<http://data.europarl.europa.eu/resource/org/PPE-4273>	<http://data.europarl.europa.eu/resource/person/112611>	<http://data.europarl.europa.eu/resource/eli/dl/proc/2018/2183/dec>
<http://data.europarl.europa.eu/resource/org/PPE-4273>	<http://data.europarl.europa.eu/resource/person/112611>	<http://data.europarl.europa.eu/resource/eli/dl/proc/2018/2184/dec>
<http://data.europarl.europa.eu/resource/org/PPE-4273>	<http://data.europarl.europa.eu/resource/person/112611>	<http://data.europarl.europa.eu/resource/eli/dl/proc/2018/2185/dec>
<http://data.europarl.europa.eu/resource/org/PPE-4273>	<http://data.europarl.europa.eu/resource/person/112611>	<http://data.europarl.europa.eu/resource/eli/dl/proc/2018/2186/dec>
<http://data.europarl.europa.eu/resource/org/PPE-4273>	<http://data.europarl.europa.eu/resource/person/112611>	<http://data.europarl.europa.eu/resource/eli/dl/proc/2018/2187/dec>
<http://data.europarl.europa.eu/resource/org/PPE-4273>	<http://data.europarl.europa.eu/resource/person/112611>	<http://data.europarl.europa.eu/resource/eli/dl/proc/2018/2188/dec>
<http://data.europarl.europa.eu/resource/org/PPE-4273>	<http://data.europarl.europa.eu/resource/person/112611>	<http://data.europarl.europa.eu/resource/eli/dl/proc/2018/2189/dec>
<http://data.europarl.europa.eu/resource/org/PPE-4273>	<http://data.europarl.europa.eu/resource/person/112611>	<http://data.europarl.europa.eu/resource/eli/dl/proc/2018/2190/dec>
<http://data.europarl.europa.eu/resource/org/PPE-4273>	<http://data.europarl.europa.eu/resource/person/112611>	<http://data.europarl.europa.eu/resource/eli/dl/proc/2018/2191/dec>
<http://data.europarl.europa.eu/resource/org/PPE-4273>	<http://data.europarl.europa.eu/resource/person/112611>	<http://data.europarl.europa.eu/resource/eli/dl/proc/2018/2192/dec>
<http://data.europarl.europa.eu/resource/org/PPE-4273>	<http://data.europarl.europa.eu/resource/person/112611>	<http://data.europarl.europa.eu/resource/eli/dl/proc/2018/2193/dec>
<http://data.europarl.europa.eu/resource/org/PPE-4273>	<http://data.europarl.europa.eu/resource/person/112611>	<http://data.europarl.europa.eu/resource/eli/dl/proc/2018/2194/dec>
<http://data.europarl.europa.eu/resource/org/PPE-4273>	<http://data.europarl.europa.eu/resource/person/112611>	<http://data.europarl.europa.eu/resource/eli/dl/proc/2018/2195/dec>
<http://data.europarl.europa.eu/resource/org/PPE-4273>	<http://data.europarl.europa.eu/resource/person/112611>	<http://data.europarl.europa.eu/resource/eli/dl/proc/2018/2196/dec>
<http://data.europarl.europa.eu/resource/org/PPE-4273>	<http://data.europarl.europa.eu/resource/person/112611>	<http://data.europarl.europa.eu/resource/eli/dl/proc/2018/2197/dec>
<http://data.europarl.europa.eu/resource/org/PPE-4273>	<http://data.europarl.europa.eu/resource/person/112611>	<http://data.europarl.europa.eu/resource/eli/dl/proc/2018/2198/dec>
<http://data.europarl.europa.eu/resource/org/PPE-4273>	<http://data.europarl.europa.eu/resource/person/112611>	<http://data.europarl.europa.eu/resource/eli/dl/proc/2018/2199/dec>
<http://data.europarl.europa.eu/resource/org/PPE-4273>	<http://data.europarl.europa.eu/resource/person/112611>	<http://data.europarl.europa.eu/resource/eli/dl/proc/2018/2200/dec>
<http://data.europarl.europa.eu/resource/org/PPE-4273>	<http://data.europarl.europa.eu/resource/person/112611>	<http://data.europarl.europa.eu/resource/eli/dl/proc/2018/2201/dec>
<http://data.europarl.europa.eu/resource/org/PPE-4273>	<http://data.europarl.europa.eu/resource/person/112611>	<http://data.europarl.europa.eu/resource/eli/dl/proc/2018/2202/dec>
<http://data.europarl.europa.eu/resource/org/PPE-4273>	<http://data.europarl.europa.eu/resource/person/112611>	<http://data.europarl.europa.eu/resource/eli/dl/proc/2018/2203/dec>
<http://data.europarl.europa.eu/resource/org/PPE-4273>	<http://data.europarl.europa.eu/resource/person/112611>	<http://data.europarl.europa.eu/resource/eli/dl/proc/2018/2204/dec>
<http://data.europarl.europa.eu/resource/org/PPE-4273>	<http://data.europarl.europa.eu/resource/person/112611>	<http://data.europarl.europa.eu/resource/eli/dl/proc/2018/2205/dec>
<http://data.europarl.europa.eu/resource/org/PPE-4273>	<http://data.europarl.europa.eu/resource/person/112611>	<http://data.europarl.europa.eu/resource/eli/dl/proc/2018/2206/dec>
<http://data.europarl.europa.eu/resource/org/PPE-4273>	<http://data.europarl.europa.eu/resource/person/112611>	<http://data.europarl.europa.eu/resource/eli/dl/proc/2018/2207/dec>
<http://data.europarl.europa.eu/resource/org/PPE-4273>	<http://data.europarl.europa.eu/resource/person/112611>	<http://data.europarl.europa.eu/resource/eli/dl/proc/2018/2208/dec>
<http://data.europarl.europa.eu/resource/org/PPE-4273>	<http://data.europarl.europa.eu/resource/person/112611>	<http://data.europarl.europa.eu/resource/eli/dl/proc/2018/2209/dec>
<http://data.europarl.europa.eu/resource/org/PPE-4273>	<http://data.europarl.europa.eu/resource/person/112611>	<http://data.europarl.europa.eu/resource/eli/dl/proc/2018/2210/dec>
<http://data.europarl.europa.eu/resource/org/PPE-4273>	<http://data.europarl.europa.eu/resource/person/118859>	<http://data.europarl.europa.eu/resource/eli/dl/proc/2018/0330B/cod>
<http://data.europarl.europa.eu/resource/org/PPE-4273>	<http://data.europarl.europa.eu/resource/person/118859>	<http://data.europarl.europa.eu/resource/eli/dl/proc/2019/0012/nle>
<http://data.europarl.europa.eu/resource/org/PPE-4273>	<http://data.europarl.europa.eu/resource/person/118859>	<http://data.europarl.europa.eu/resource/eli/dl/proc/2019/0013/nle>
<http://data.europarl.europa.eu/resource/org/PPE-4273>	<http://data.europarl.europa.eu/resource/person/1204>	<http://data.europarl.europa.eu/resource/eli/dl/proc/2018/2112/ini>
<http://data.europarl.europa.eu/resource/org/PPE-4273>	<http://data.europarl.europa.eu/resource/person/124710>	<http://data.europarl.europa.eu/resource/eli/dl/proc/2018/0230/cod>
<http://data.europarl.europa.eu/resource/org/PPE-4273>	<http://data.europarl.europa.eu/resource/person/124802>	<http://data.europarl.europa.eu/resource/eli/dl/proc/2019/2023/bud>
<http://data.europarl.europa.eu/resource/org/PPE-4273>	<http://data.europarl.europa.eu/resource/person/124806>	<http://data.europarl.europa.eu/resource/eli/dl/proc/2018/2236/ini>
<http://data.europarl.europa.eu/resource/org/PPE-4273>	<http://data.europarl.europa.eu/resource/person/124828>	<http://data.europarl.europa.eu/resource/eli/dl/proc/2018/0164/cns>
<http://data.europarl.europa.eu/resource/org/PPE-4273>	<http://data.europarl.europa.eu/resource/person/124893>	<http://data.europarl.europa.eu/resource/eli/dl/proc/2019/0030/cod>
<http://data.europarl.europa.eu/resource/org/PPE-4273>	<http://data.europarl.europa.eu/resource/person/124896>	<http://data.europarl.europa.eu/resource/eli/dl/proc/2018/0148/cod>
<http://data.europarl.europa.eu/resource/org/PPE-4273>	<http://data.europarl.europa.eu/resource/person/124926>	<http://data.europarl.europa.eu/resource/eli/dl/proc/2018/0238/nle>
<http://data.europarl.europa.eu/resource/org/PPE-4273>	<http://data.europarl.europa.eu/resource/person/124988>	<http://data.europarl.europa.eu/resource/eli/dl/proc/2018/0139/cod>
<http://data.europarl.europa.eu/resource/org/PPE-4273>	<http://data.europarl.europa.eu/resource/person/125016>	<http://data.europarl.europa.eu/resource/eli/dl/proc/2018/0140/cod>
<http://data.europarl.europa.eu/resource/org/PPE-4273>	<http://data.europarl.europa.eu/resource/person/125016>	<http://data.europarl.europa.eu/resource/eli/dl/proc/2018/2167/dec>
<http://data.europarl.europa.eu/resource/org/PPE-4273>	<http://data.europarl.europa.eu/resource/person/129164>	<http://data.europarl.europa.eu/resource/eli/dl/proc/2018/2119/ini>
<http://data.europarl.europa.eu/resource/org/PPE-4273>	<http://data.europarl.europa.eu/resource/person/1892>	<http://data.europarl.europa.eu/resource/eli/dl/proc/2018/0152/cod>
<http://data.europarl.europa.eu/resource/org/PPE-4273>	<http://data.europarl.europa.eu/resource/person/1892>	<http://data.europarl.europa.eu/resource/eli/dl/proc/2018/0152A/cod>
<http://data.europarl.europa.eu/resource/org/PPE-4273>	<http://data.europarl.europa.eu/resource/person/2002>	<http://data.europarl.europa.eu/resource/eli/dl/proc/2018/0211/cod>
<http://data.europarl.europa.eu/resource/org/PPE-4273>	<http://data.europarl.europa.eu/resource/person/2002>	<http://data.europarl.europa.eu/resource/eli/dl/proc/2018/0384/nle>
<http://data.europarl.europa.eu/resource/org/PPE-4273>	<http://data.europarl.europa.eu/resource/person/23787>	<http://data.europarl.europa.eu/resource/eli/dl/proc/2018/0414/cod>
<http://data.europarl.europa.eu/resource/org/PPE-4273>	<http://data.europarl.europa.eu/resource/person/23821>	<http://data.europarl.europa.eu/resource/eli/dl/proc/2016/0400B/cod>
<http://data.europarl.europa.eu/resource/org/PPE-4273>	<http://data.europarl.europa.eu/resource/person/28126>	<http://data.europarl.europa.eu/resource/eli/dl/proc/2018/2107/ini>
<http://data.europarl.europa.eu/resource/org/PPE-4273>	<http://data.europarl.europa.eu/resource/person/28135>	<http://data.europarl.europa.eu/resource/eli/dl/proc/2018/2114/ini>
<http://data.europarl.europa.eu/resource/org/PPE-4273>	<http://data.europarl.europa.eu/resource/person/28220>	<http://data.europarl.europa.eu/resource/eli/dl/proc/2018/0170/cod>
<http://data.europarl.europa.eu/resource/org/PPE-4273>	<http://data.europarl.europa.eu/resource/person/28226>	<http://data.europarl.europa.eu/resource/eli/dl/proc/2019/0005/nle>
<http://data.europarl.europa.eu/resource/org/PPE-4273>	<http://data.europarl.europa.eu/resource/person/28257>	<http://data.europarl.europa.eu/resource/eli/dl/proc/2018/2108/ini>
<http://data.europarl.europa.eu/resource/org/PPE-4273>	<http://data.europarl.europa.eu/resource/person/28301>	<http://data.europarl.europa.eu/resource/eli/dl/proc/2016/0190/cns>
<http://data.europarl.europa.eu/resource/org/PPE-4273>	<http://data.europarl.europa.eu/resource/person/28393>	<http://data.europarl.europa.eu/resource/eli/dl/proc/2018/0161/cod>
<http://data.europarl.europa.eu/resource/org/PPE-4273>	<http://data.europarl.europa.eu/resource/person/28399>	<http://data.europarl.europa.eu/resource/eli/dl/proc/2018/0403/nle>
<http://data.europarl.europa.eu/resource/org/PPE-4273>	<http://data.europarl.europa.eu/resource/person/28399>	<http://data.europarl.europa.eu/resource/eli/dl/proc/2018/0403M/nle>
<http://data.europarl.europa.eu/resource/org/PPE-4273>	<http://data.europarl.europa.eu/resource/person/33982>	<http://data.europarl.europa.eu/resource/eli/dl/proc/2018/2152/ini>
<http://data.europarl.europa.eu/resource/org/PPE-4273>	<http://data.europarl.europa.eu/resource/person/39717>	<http://data.europarl.europa.eu/resource/eli/dl/proc/1998/0031R/nle>
<http://data.europarl.europa.eu/resource/org/PPE-4273>	<http://data.europarl.europa.eu/resource/person/39717>	<http://data.europarl.europa.eu/resource/eli/dl/proc/2016/0121/nle>
<http://data.europarl.europa.eu/resource/org/PPE-4273>	<http://data.europarl.europa.eu/resource/person/96772>	<http://data.europarl.europa.eu/resource/eli/dl/proc/2018/0216/cod>
<http://data.europarl.europa.eu/resource/org/PPE-4273>	<http://data.europarl.europa.eu/resource/person/96776>	<http://data.europarl.europa.eu/resource/eli/dl/proc/2018/0145/cod>
<http://data.europarl.europa.eu/resource/org/PPE-4273>	<http://data.europarl.europa.eu/resource/person/96779>	<http://data.europarl.europa.eu/resource/eli/dl/proc/2019/0804/cns>
<http://data.europarl.europa.eu/resource/org/PPE-4273>	<http://data.europarl.europa.eu/resource/person/96780>	<http://data.europarl.europa.eu/resource/eli/dl/proc/2018/0250/cod>
<http://data.europarl.europa.eu/resource/org/PPE-4273>	<http://data.europarl.europa.eu/resource/person/96780>	<http://data.europarl.europa.eu/resource/eli/dl/proc/2019/2001/bud>
<http://data.europarl.europa.eu/resource/org/PPE-4273>	<http://data.europarl.europa.eu/resource/person/96780>	<http://data.europarl.europa.eu/resource/eli/dl/proc/2019/2026/bud>
<http://data.europarl.europa.eu/resource/org/PPE-4273>	<http://data.europarl.europa.eu/resource/person/96780>	<http://data.europarl.europa.eu/resource/eli/dl/proc/2019/2027/bud>
<http://data.europarl.europa.eu/resource/org/PPE-4273>	<http://data.europarl.europa.eu/resource/person/96838>	<http://data.europarl.europa.eu/resource/eli/dl/proc/2018/0080/nle>
<http://data.europarl.europa.eu/resource/org/PPE-4273>	<http://data.europarl.europa.eu/resource/person/96849>	<http://data.europarl.europa.eu/resource/eli/dl/proc/2018/0349/nle>
<http://data.europarl.europa.eu/resource/org/PPE-4273>	<http://data.europarl.europa.eu/resource/person/96903>	<http://data.europarl.europa.eu/resource/eli/dl/proc/2018/2080/inl>
<http://data.europarl.europa.eu/resource/org/PPE-4273>	<http://data.europarl.europa.eu/resource/person/96933>	<http://data.europarl.europa.eu/resource/eli/dl/proc/2018/0191/cod>
<http://data.europarl.europa.eu/resource/org/PPE-4273>	<http://data.europarl.europa.eu/resource/person/96934>	<http://data.europarl.europa.eu/resource/eli/dl/proc/2018/2158/ini>
<http://data.europarl.europa.eu/resource/org/PPE-4273>	<http://data.europarl.europa.eu/resource/person/96936>	<http://data.europarl.europa.eu/resource/eli/dl/proc/2018/0210/cod>
<http://data.europarl.europa.eu/resource/org/ID-5588>	<http://data.europarl.europa.eu/resource/person/197790>	<http://data.europarl.europa.eu/resource/eli/dl/proc/2019/0192/cod>
<http://data.europarl.europa.eu/resource/org/GUE%2FNGL-5151>	<http://data.europarl.europa.eu/resource/person/30482>	<http://data.europarl.europa.eu/resource/eli/dl/proc/2019/0183/cod>
<http://data.europarl.europa.eu/resource/org/GUE%2FNGL-4281>	<http://data.europarl.europa.eu/resource/person/124810>	<http://data.europarl.europa.eu/resource/eli/dl/proc/2017/2089/ini>
<http://data.europarl.europa.eu/resource/org/GUE%2FNGL-4281>	<http://data.europarl.europa.eu/resource/person/125061>	<http://data.europarl.europa.eu/resource/eli/dl/proc/2018/2247/imm>
<http://data.europarl.europa.eu/resource/org/GUE%2FNGL-4281>	<http://data.europarl.europa.eu/resource/person/125061>	<http://data.europarl.europa.eu/resource/eli/dl/proc/2018/2267/imm>
<http://data.europarl.europa.eu/resource/org/GUE%2FNGL-4281>	<http://data.europarl.europa.eu/resource/person/125100>	<http://data.europarl.europa.eu/resource/eli/dl/proc/2018/0176/cns>
<http://data.europarl.europa.eu/resource/org/GUE%2FNGL-4281>	<http://data.europarl.europa.eu/resource/person/125193>	<http://data.europarl.europa.eu/resource/eli/dl/proc/2017/0107/nle>
<http://data.europarl.europa.eu/resource/org/GUE%2FNGL-4281>	<http://data.europarl.europa.eu/resource/person/96706>	<http://data.europarl.europa.eu/resource/eli/dl/proc/2018/0267/nle>
<http://data.europarl.europa.eu/resource/org/GUE%2FNGL-4281>	<http://data.europarl.europa.eu/resource/person/96706>	<http://data.europarl.europa.eu/resource/eli/dl/proc/2018/0267M/nle>
<http://data.europarl.europa.eu/resource/org/GUE%2FNGL-4281>	<http://data.europarl.europa.eu/resource/person/96748>	<http://data.europarl.europa.eu/resource/eli/dl/proc/2018/0194/cod>
<http://data.europarl.europa.eu/resource/org/EFDD-4880>	<http://data.europarl.europa.eu/resource/person/124778>	<http://data.europarl.europa.eu/resource/eli/dl/proc/2018/2177/dec>
<http://data.europarl.europa.eu/resource/org/EFDD-4880>	<http://data.europarl.europa.eu/resource/person/124842>	<http://data.europarl.europa.eu/resource/eli/dl/proc/2018/0129/cod>
<http://data.europarl.europa.eu/resource/org/EFDD-4880>	<http://data.europarl.europa.eu/resource/person/124856>	<http://data.europarl.europa.eu/resource/eli/dl/proc/2018/0423/nle>
<http://data.europarl.europa.eu/resource/org/ECR-5148>	<http://data.europarl.europa.eu/resource/person/125106>	<http://data.europarl.europa.eu/resource/eli/dl/proc/2019/0186/app>
<http://data.europarl.europa.eu/resource/org/ECR-5148>	<http://data.europarl.europa.eu/resource/person/197545>	<http://data.europarl.europa.eu/resource/eli/dl/proc/2019/2036/bud>
<http://data.europarl.europa.eu/resource/org/ECR-4275>	<http://data.europarl.europa.eu/resource/person/124873>	<http://data.europarl.europa.eu/resource/eli/dl/proc/2018/2268/imm>
<http://data.europarl.europa.eu/resource/org/ECR-4275>	<http://data.europarl.europa.eu/resource/person/124873>	<http://data.europarl.europa.eu/resource/eli/dl/proc/2018/2269/imm>
<http://data.europarl.europa.eu/resource/org/ECR-4275>	<http://data.europarl.europa.eu/resource/person/124873>	<http://data.europarl.europa.eu/resource/eli/dl/proc/2018/2270/imm>
<http://data.europarl.europa.eu/resource/org/ECR-4275>	<http://data.europarl.europa.eu/resource/person/124877>	<http://data.europarl.europa.eu/resource/eli/dl/proc/2018/0418/nle>
<http://data.europarl.europa.eu/resource/org/ECR-4275>	<http://data.europarl.europa.eu/resource/person/124877>	<http://data.europarl.europa.eu/resource/eli/dl/proc/2018/0419/nle>
<http://data.europarl.europa.eu/resource/org/ECR-4275>	<http://data.europarl.europa.eu/resource/person/124884>	<http://data.europarl.europa.eu/resource/eli/dl/proc/2018/0434/cod>
<http://data.europarl.europa.eu/resource/org/ECR-4275>	<http://data.europarl.europa.eu/resource/person/124927>	<http://data.europarl.europa.eu/resource/eli/dl/proc/2018/0812/cns>
<http://data.europarl.europa.eu/resource/org/ECR-4275>	<http://data.europarl.europa.eu/resource/person/28341>	<http://data.europarl.europa.eu/resource/eli/dl/proc/2018/0322/cod>
<http://data.europarl.europa.eu/resource/org/ECR-4275>	<http://data.europarl.europa.eu/resource/person/28353>	<http://data.europarl.europa.eu/resource/eli/dl/proc/2015/0302/nle>
<http://data.europarl.europa.eu/resource/org/ECR-4275>	<http://data.europarl.europa.eu/resource/person/28353>	<http://data.europarl.europa.eu/resource/eli/dl/proc/2015/0302M/nle>
<http://data.europarl.europa.eu/resource/org/ECR-4275>	<http://data.europarl.europa.eu/resource/person/28353>	<http://data.europarl.europa.eu/resource/eli/dl/proc/2018/2115/ini>
<http://data.europarl.europa.eu/resource/org/ECR-4275>	<http://data.europarl.europa.eu/resource/person/28615>	<http://data.europarl.europa.eu/resource/eli/dl/proc/2017/0288/cod>
<http://data.europarl.europa.eu/resource/org/ECR-4275>	<http://data.europarl.europa.eu/resource/person/35135>	<http://data.europarl.europa.eu/resource/eli/dl/proc/2018/0090/cod>
<http://data.europarl.europa.eu/resource/org/ECR-4275>	<http://data.europarl.europa.eu/resource/person/35135>	<http://data.europarl.europa.eu/resource/eli/dl/proc/2018/0331/cod>
<http://data.europarl.europa.eu/resource/org/ECR-4275>	<http://data.europarl.europa.eu/resource/person/96801>	<http://data.europarl.europa.eu/resource/eli/dl/proc/2018/0147/nle>
<http://data.europarl.europa.eu/resource/org/ECR-4275>	<http://data.europarl.europa.eu/resource/person/96824>	<http://data.europarl.europa.eu/resource/eli/dl/proc/2018/0316/nle>
<http://data.europarl.europa.eu/resource/org/ECR-4275>	<http://data.europarl.europa.eu/resource/person/96920>	<http://data.europarl.europa.eu/resource/eli/dl/proc/2018/0187/cod>
<http://data.europarl.europa.eu/resource/org/ECR-4275>	<http://data.europarl.europa.eu/resource/person/96957>	<http://data.europarl.europa.eu/resource/eli/dl/proc/2018/2088/ini>
<http://data.europarl.europa.eu/resource/org/ALDE-4283>	<http://data.europarl.europa.eu/resource/person/112753>	<http://data.europarl.europa.eu/resource/eli/dl/proc/2016/0156/nle>
<http://data.europarl.europa.eu/resource/org/ALDE-4283>	<http://data.europarl.europa.eu/resource/person/124706>	<http://data.europarl.europa.eu/resource/eli/dl/proc/2018/0433/cod>
<http://data.europarl.europa.eu/resource/org/ALDE-4283>	<http://data.europarl.europa.eu/resource/person/124709>	<http://data.europarl.europa.eu/resource/eli/dl/proc/2018/2211/dec>
<http://data.europarl.europa.eu/resource/org/ALDE-4283>	<http://data.europarl.europa.eu/resource/person/124709>	<http://data.europarl.europa.eu/resource/eli/dl/proc/2018/2212/dec>
<http://data.europarl.europa.eu/resource/org/ALDE-4283>	<http://data.europarl.europa.eu/resource/person/124709>	<http://data.europarl.europa.eu/resource/eli/dl/proc/2018/2213/dec>
<http://data.europarl.europa.eu/resource/org/ALDE-4283>	<http://data.europarl.europa.eu/resource/person/124709>	<http://data.europarl.europa.eu/resource/eli/dl/proc/2018/2214/dec>
<http://data.europarl.europa.eu/resource/org/ALDE-4283>	<http://data.europarl.europa.eu/resource/person/124709>	<http://data.europarl.europa.eu/resource/eli/dl/proc/2018/2215/dec>
<http://data.europarl.europa.eu/resource/org/ALDE-4283>	<http://data.europarl.europa.eu/resource/person/124709>	<http://data.europarl.europa.eu/resource/eli/dl/proc/2018/2216/dec>
<http://data.europarl.europa.eu/resource/org/ALDE-4283>	<http://data.europarl.europa.eu/resource/person/124709>	<http://data.europarl.europa.eu/resource/eli/dl/proc/2018/2217/dec>
<http://data.europarl.europa.eu/resource/org/ALDE-4283>	<http://data.europarl.europa.eu/resource/person/124709>	<http://data.europarl.europa.eu/resource/eli/dl/proc/2018/2218/dec>
<http://data.europarl.europa.eu/resource/org/ALDE-4283>	<http://data.europarl.europa.eu/resource/person/124773>	<http://data.europarl.europa.eu/resource/eli/dl/proc/2019/0031/app>
<http://data.europarl.europa.eu/resource/org/ALDE-4283>	<http://data.europarl.europa.eu/resource/person/125038>	<http://data.europarl.europa.eu/resource/eli/dl/proc/2018/2111/ini>
<http://data.europarl.europa.eu/resource/org/ALDE-4283>	<http://data.europarl.europa.eu/resource/person/125128>	<http://data.europarl.europa.eu/resource/eli/dl/proc/2018/0417/cns>
<http://data.europarl.europa.eu/resource/org/ALDE-4283>	<http://data.europarl.europa.eu/resource/person/125128>	<http://data.europarl.europa.eu/resource/eli/dl/proc/2019/0027/cod>
<http://data.europarl.europa.eu/resource/org/ALDE-4283>	<http://data.europarl.europa.eu/resource/person/130100>	<http://data.europarl.europa.eu/resource/eli/dl/proc/2018/2116/ini>
<http://data.europarl.europa.eu/resource/org/ALDE-4283>	<http://data.europarl.europa.eu/resource/person/130100>	<http://data.europarl.europa.eu/resource/eli/dl/proc/2018/2237/ini>
<http://data.europarl.europa.eu/resource/org/ALDE-4283>	<http://data.europarl.europa.eu/resource/person/28116>	<http://data.europarl.europa.eu/resource/eli/dl/proc/2018/2120/ini>
<http://data.europarl.europa.eu/resource/org/ALDE-4283>	<http://data.europarl.europa.eu/resource/person/28206>	<http://data.europarl.europa.eu/resource/eli/dl/proc/2019/2002/imm>
<http://data.europarl.europa.eu/resource/org/ALDE-4283>	<http://data.europarl.europa.eu/resource/person/96677>	<http://data.europarl.europa.eu/resource/eli/dl/proc/2018/2280/ini>
<http://data.europarl.europa.eu/resource/org/ALDE-4283>	<http://data.europarl.europa.eu/resource/person/96825>	<http://data.europarl.europa.eu/resource/eli/dl/proc/2018/0239/nle>
<http://data.europarl.europa.eu/resource/org/ALDE-4283>	<http://data.europarl.europa.eu/resource/person/96885>	<http://data.europarl.europa.eu/resource/eli/dl/proc/2018/0138/cod>
<http://data.europarl.europa.eu/resource/org/ALDE-4283>	<http://data.europarl.europa.eu/resource/person/96885>	<http://data.europarl.europa.eu/resource/eli/dl/proc/2018/0162/cod>
	<http://data.europarl.europa.eu/resource/person/118949>	<http://data.europarl.europa.eu/resource/eli/dl/proc/2018/0415/cns>
	<http://data.europarl.europa.eu/resource/person/197651>	<http://data.europarl.europa.eu/resource/eli/dl/proc/2019/0076/nle>
	<http://data.europarl.europa.eu/resource/person/197717>	<http://data.europarl.europa.eu/resource/eli/dl/proc/2019/2005/imm>
	<http://data.europarl.europa.eu/resource/person/197738>	<http://data.europarl.europa.eu/resource/eli/dl/proc/2018/0412/cns>
	<http://data.europarl.europa.eu/resource/person/197738>	<http://data.europarl.europa.eu/resource/eli/dl/proc/2018/0413/cns>
	<http://data.europarl.europa.eu/resource/person/197742>	<http://data.europarl.europa.eu/resource/eli/dl/proc/2018/2168/dec>
	<http://data.europarl.europa.eu/resource/person/96830>	<http://data.europarl.europa.eu/resource/eli/dl/proc/2019/0132/nle>
